nome_arquivo,x_face,y_face,w_face,h_face,texto_extraido,quantidade_palavras,estudantil,validade,unicamp,universidade,estadual,matricula,documento,nacional,estudante,UNE,CPF,RG,data
aug_doc1_imagem_178.jpg,526.0,494.0,98.0,98.0,"OS GSEONPOIO
Osopsny Ajjiwioy
‘JavanvaA
TMLINVONLSA VHISLYVO

aWVvIINn

Pe ees
ay

seuidwes ap jenpe}sy apepisiaaiup",15,0,0,0,0,0,0,0,0,0,0,0,0,0
aug_doc1_imagem_47.jpg,64.0,1085.0,27.0,27.0,"Opd10}n0q

SPUDI5 DSDD DSSOPDH
‘JGVONVA

TMINVGNLSA VeISLYVoO

aWVvIINN

ame a
a

seuidwies ap jenpe}sy apepisiaaiup",15,0,0,0,0,0,0,0,0,0,0,0,0,0
aug_doc1_imagem_53.jpg,,,,,"AYA
Gp

UNICAMP

CARTEIRA ESTUDANTIL

VALIDADE;
Dr. Gustavo Henrique Monteiro

Doutorado",11,1,0,1,0,0,0,0,0,0,0,0,0,0
aug_doc1_imagem_190.jpg,325.0,554.0,51.0,51.0,"Opdi0}n0g

pudIA ounig
avanva
TINVONLSA VEISLYVO

aWVIINN

we aes
ay

seuidwies ap jenpe}sy apepisiaaiup",14,0,0,0,0,0,0,0,0,0,0,0,0,0
aug_doc1_imagem_189.jpg,64.0,1085.0,27.0,27.0,"Opo4jsoy\

DYDOYN OUI|a/\
‘JavanvaA

TMINVGNLSA VeISLYVoO

aWVvIINN

ame a
a

seuidwies ap jenpe}sy apepisiaaiup",14,0,0,0,0,0,0,0,0,0,0,0,0,0
aug_doc1_imagem_217.jpg,,,,,"s%
o.

UNICAMP

CARTEIRA ESTUDANTIL

VALIDADE:
Igor Siqueira

Mestrado",9,1,0,1,0,0,0,0,0,0,0,0,0,0
aug_doc1_imagem_214.jpg,957.0,249.0,115.0,115.0,"Universidade Estadual de Campinas

a= |

UNICAMP

CARTEIRA ESTUDANTIL

VALIDADE;
Rebeca Nunes

Mestrado",13,1,0,1,1,1,0,0,0,0,0,0,0,0
aug_doc1_imagem_74.jpg,958.0,249.0,114.0,114.0,"MY
oe.

UNICAMP

CARTEIRA ESTUDANTIL

VALIDADE;

lsaac Ferreira

Gradua??220",9,1,0,1,0,0,0,0,0,0,0,0,0,0
aug_doc1_imagem_459.jpg,64.0,1085.0,27.0,27.0,"Opo4jsoy\

O|2\W\ ODDS}

‘JaQVaNvA

TMINVGNLSA VeISLYVoO

aWVvIINN

ame a
a

seuidwies ap jenpe}sy apepisiaaiup",14,0,0,0,0,0,0,0,0,0,0,0,0,0
aug_doc1_imagem_296.jpg,958.0,249.0,114.0,114.0,"Universidade Estadual de Campinas

AWS

Gg ba

UNICAMP

CARTEIRA ESTUDANTIL
VALIDADE;
Dra. Bella Vieira

Doutorado",15,1,0,1,1,1,0,0,0,0,0,0,0,0
aug_doc1_imagem_166.jpg,959.0,249.0,114.0,114.0,"Universidade Estadual de Campinas

AYA
Ad ar

UNICAMP

CARTEIRA ESTUDANTIL
VALIDADE;
Jo??0 Miguel Mendes

Gradua???20",15,1,0,1,1,1,0,0,0,0,0,0,0,0
aug_doc1_imagem_187.jpg,523.0,527.0,119.0,119.0,"OeseLONpoOIS
OIaUID 4 SNDisUa}, OA0j}SN5
JOVANIVA

WINVINLSS VAIFLYVO

ANYVOING

ga"" Ee

KS

seuldues op jenpesysy spepissenjur)",16,0,0,0,0,0,0,0,0,0,0,0,0,0
aug_doc1_imagem_381.jpg,,,,,"s%
o.

UNICAMP

CARTEIRA ESTUDANTIL

VALIDADE;
Miguel Fernandes

Doutorado",9,1,0,1,0,0,0,0,0,0,0,0,0,0
aug_doc1_imagem_85.jpg,958.0,249.0,114.0,114.0,"Universidade Estadual de Campinas

AWS

Gg ba

UNICAMP

CARTEIRA ESTUDANTIL
VALIDADE;
Sarah Santos

Doutorado",14,1,0,1,1,1,0,0,0,0,0,0,0,0
aug_doc1_imagem_250.jpg,,,,,"Universidade Estadual de men teae

‘Se,

ar

UNICAMP

CARTEIRA ESTUDANTIL
VALIDADE:
Beatriz Cavalcante

Mestradst -.",15,1,0,1,1,1,0,0,0,0,0,0,0,0
aug_doc1_imagem_388.jpg,1072.0,258.0,139.0,139.0,"Universidade Estadual de Campinas

RYAN

_ =

UNICAMP er |",10,0,0,1,1,1,0,0,0,0,0,0,0,0
aug_doc1_imagem_218.jpg,521.0,525.0,122.0,122.0,"OS GSEONPOIO

S8A2N SOP OldIUag
‘AQVGINvA
TMLINVONLSA VHISLYVO

aWVvIINn

Pe ees
ay

seuidwes ap jenpe}sy apepisiaaiup",16,0,0,0,0,0,0,0,0,0,0,0,0,0
aug_doc1_imagem_435.jpg,37.0,1194.0,27.0,27.0,"— ie “javanva
AWINVONISA VHIaLYV9

~~. WOINn
es awvoi
a

AS

seuidwies ep jenpersa epepisienlun",15,0,0,0,0,0,0,0,0,0,0,0,0,0
aug_doc1_imagem_128.jpg,,,,,"AYA
Gp

UNICAMP

CARTEIRA ESTUDANTIL

VALIDADE;
Dra. Maria J??lia Rocha

Mestrado",11,1,0,1,0,0,0,0,0,0,0,0,0,0
aug_doc1_imagem_481.jpg,64.0,1085.0,27.0,27.0,"OBese0NPO9
BAle!\ 01/1989

‘JQVaIvA

TMINVGNLSA VeISLYVoO

aWVvIINN

ame a
a

seuidwies ap jenpe}sy apepisiaaiup",14,0,0,0,0,0,0,0,0,0,0,0,0,0
aug_doc1_imagem_499.jpg,,,,,"DECI. Ahead ee ET intent tootsie

<a eae Sig eS ‘lice aaiiniiameieaiail

Universidade Estadual de Campinas

RA

Feel

UNICAMP

CARTEIRA ESTUDANTIL
VALIDADE:
Maria Julia da Mata

Mestrad6",27,1,0,1,1,1,0,0,0,0,0,0,0,0
aug_doc1_imagem_477.jpg,956.0,249.0,116.0,116.0,"WA
Gp

UNICAMP

CARTEIRA ESTUDANTIL

VALIDADE;

Lucas Ferreira

Doutorado",9,1,0,1,0,0,0,0,0,0,0,0,0,0
aug_doc1_imagem_306.jpg,,,,,"9BeeEONPLId
Bale! OYyOby
‘JQVaNVA
WLNVGNLSA VeISLYVoO

aWNVIINN

a ees)

ay

seuidwed ep jenpeysy epepisuaniuy)",14,0,0,0,0,0,0,0,0,0,0,0,0,0
aug_doc1_imagem_258.jpg,,,,,"9PDj0}N0G

Byun AUuoUjUYy
JOVAIIVA

WLINVINLSS VHISLHVO
a a . . dWYv3Inn
as

EEE seuiduseg ap jenpeysq epepisioniuy)",17,0,0,0,0,0,0,0,0,0,0,0,0,0
aug_doc1_imagem_106.jpg,521.0,525.0,122.0,122.0,"Opdijso\

Ogee] C|@dID—\
‘JGVONVA
TWINVGNLSA VHISLYVS

aWVvIINn

Pe ees
ay

seuidwes ap jenpe}sy apepisiaaiup",14,0,0,0,0,0,0,0,0,0,0,0,0,0
aug_doc1_imagem_330.jpg,66.0,1086.0,26.0,26.0,"99D10}N0G
ZN} Opsspon] O1peg
AGVANVA

TLNVGNLSA VdISLYVo

aWVvIInNnN

ww, 55
ay

seuidwied ep jenpeys3 epepissaniuy)",15,0,0,0,0,0,0,0,0,0,0,0,0,0
aug_doc1_imagem_13.jpg,,,,,"s%
o.

UNICAMP

CARTEIRA ESTUDANTIL

VALIDADE;

Lara Cunha

Gradua ?2?26",10,1,0,1,0,0,0,0,0,0,0,0,0,0
aug_doc1_imagem_243.jpg,956.0,248.0,115.0,115.0,"ETE. oe eee ee ee esata Nee

SSS SORE ET NTE

Universidade Estadual de Campinas

VA

Fall

UNICAMP

CARTEIRA ESTUDANTIL

VALIDADE:
Antony Dias

Mestrad@",24,1,0,1,1,1,0,0,0,0,0,0,0,0
aug_doc1_imagem_210.jpg,521.0,525.0,122.0,122.0,"Opd10}N0g

DSOgIDg sa|OYyL
‘JavanvaA
MWLINVGNLSA VHISLYVO

aWVvIINn

Pe ees
ay

seuidwes ap jenpe}sy apepisiaaiup",14,0,0,0,0,0,0,0,0,0,0,0,0,0
aug_doc1_imagem_374.jpg,,,,,"Universidade Estadual de etal

AW,
ae es | ff

UNICAMP to

CARTEIRA ESTUDANTIL

“an",14,1,0,1,1,1,0,0,0,0,0,0,0,0
aug_doc1_imagem_104.jpg,524.0,528.0,115.0,115.0,"@ponsey

Disss04) OJOUNY
AGVaNVA
TLINVGNLSS VaISLYVvo

AaWVJIINN

au, GE
ay

seuidwies ap jenpe}sy apepisiaaiup",14,0,0,0,0,0,0,0,0,0,0,0,0,0
aug_doc1_imagem_66.jpg,526.0,494.0,98.0,98.0,"Opd10}N0g

O4jS0D EdUOW
‘Javanva
TMLINVGNLSA VeISLYVo

aWVvIINn

Pe ees
ay

seuidwes ap jenpe}sy apepisiaaiup",14,0,0,0,0,0,0,0,0,0,0,0,0,0
aug_doc1_imagem_473.jpg,958.0,249.0,114.0,114.0,"Universidade Estadual de Campinas

AWS

Gg ba

UNICAMP

CARTEIRA ESTUDANTIL
VALIDADE:
Gael Henrique Monteiro

Doutorado",15,1,0,1,1,1,0,0,0,0,0,0,0,0
aug_doc1_imagem_151.jpg,955.0,248.0,117.0,117.0,"cae ode eee ee
EE AAS Oh RE RA RR TRIN CRT

Sew ae nome A ART RANE ARSE

Universidade Estadual de Campinas

WW,
Eel

UNICAMP

CARTEIRA ESTUDANTIL

VALIDADE:
Dra, Aylla Nevaig

Cradua?P??e",33,1,0,1,1,1,0,0,0,0,0,0,0,0
aug_doc1_imagem_373.jpg,521.0,525.0,122.0,122.0,"OS GSEONPOIO

ayong dounig
‘JQVONVA
TWINVGNLSA VHISLYVS

aWVvIINn

Pe ees
ay

seuidwes ap jenpe}sy apepisiaaiup",15,0,0,0,0,0,0,0,0,0,0,0,0,0
aug_doc1_imagem_92.jpg,,,,,"s%
o.

UNICAMP

CARTEIRA ESTUDANTIL

VALIDADE:
Maysa Foga??a

Gradua ?2?26",10,1,0,1,0,0,0,0,0,0,0,0,0,0
aug_doc1_imagem_211.jpg,,,,,"Universidade Estadual de Campinas

VW

GB

UNICAMP

CARTEIRA ESTUDANTIL
VALIDADE:
Vin??cius Moreira

Doutorade",13,1,0,1,1,1,0,0,0,0,0,0,0,0
aug_doc1_imagem_121.jpg,958.0,249.0,114.0,114.0,"Universidade Estadual de Campinas

AWS

Gg ba

UNICAMP

CARTEIRA ESTUDANTIL
VALIDADE;
Gabriela Rezende

Gradua??220",14,1,0,1,1,1,0,0,0,0,0,0,0,0
aug_doc1_imagem_415.jpg,,,,,"s%
o.

UNICAMP

CARTEIRA ESTUDANTIL

VALIDADE;

Luana C??mara

Gradua ?2?26",10,1,0,1,0,0,0,0,0,0,0,0,0,0
aug_doc1_imagem_207.jpg,325.0,553.0,52.0,52.0,"OageeON pose
SIDAON O}SNONy
JAVANVA
WINVINLSS VAIS LYVO

aNVOINN

Pa ate

KN

seuidiued op jenpeysy epepissenjur)",16,0,0,0,0,0,0,0,0,0,0,0,0,0
aug_doc1_imagem_48.jpg,521.0,525.0,122.0,122.0,"Opd10}N0g

DUDIA CpsONpy
‘JGVONVA
TWINVGNLSA VHISLYVS

aWVvIINn

Pe ees
ay

seuidwes ap jenpe}sy apepisiaaiup",14,0,0,0,0,0,0,0,0,0,0,0,0,0
aug_doc1_imagem_22.jpg,526.0,494.0,98.0,98.0,"Opd10}N0g

SapueW oUe||oH
‘JGVONVA
TWINVGNLSA VHISLYVS

aWVvIINn

Pe ees
ay

seuidwes ap jenpe}sy apepisiaaiup",14,0,0,0,0,0,0,0,0,0,0,0,0,0
aug_doc1_imagem_443.jpg,64.0,1085.0,27.0,27.0,"Opo4jsoy\

DIS1OW ONY 4G
‘JavanvaA

TMINVGNLSA VeISLYVoO

aWVvIINN

ame a
a

seuidwies ap jenpe}sy apepisiaaiup",15,0,0,0,0,0,0,0,0,0,0,0,0,0
aug_doc1_imagem_288.jpg,,,,,"s%
o.

UNICAMP

CARTEIRA ESTUDANTIL

VALIDADE;
Luiza da Rocha

Mestrado",10,1,0,1,0,0,0,0,0,0,0,0,0,0
aug_doc1_imagem_300.jpg,958.0,249.0,114.0,114.0,"Universidade Estadual de Campinas

AWS

Gg ba

UNICAMP

CARTEIRA ESTUDANTIL
VALIDADE:
Sra. Ana Julia da Rocha

Doutorado",17,1,0,1,1,1,0,0,0,0,0,0,0,0
aug_doc1_imagem_165.jpg,526.0,494.0,98.0,98.0,"Opdijso\

pYyooYy edijo4
‘JavanvaA
TMLINVONLSA VHISLYVO

aWVvIINn

Pe ees
ay

seuidwes ap jenpe}sy apepisiaaiup",14,0,0,0,0,0,0,0,0,0,0,0,0,0
aug_doc1_imagem_281.jpg,958.0,249.0,114.0,114.0,"Universidade Estadual de Campinas

AWS

Gg ba

UNICAMP

CARTEIRA ESTUDANTIL
VALIDADE;

Laura Monteiro

Gradua??220",14,1,0,1,1,1,0,0,0,0,0,0,0,0
aug_doc1_imagem_51.jpg,,,,,"Universidade Estadual de Campinas

VA
Cd ar

UNICAMP

CARTEIRA ESTUDANTIL
VALIDADE:

Ravi Lucca Souza

Doutorad6",15,1,0,1,1,1,0,0,0,0,0,0,0,0
aug_doc1_imagem_342.jpg,,,,,"s%
o.

UNICAMP

CARTEIRA ESTUDANTIL

VALIDADE;
Alice Pimenta

Gradua ?2?26",10,1,0,1,0,0,0,0,0,0,0,0,0,0
aug_doc1_imagem_414.jpg,,,,,"s%
o.

UNICAMP

CARTEIRA ESTUDANTIL

VALIDADE;

Carolina Lima

Doutorado",9,1,0,1,0,0,0,0,0,0,0,0,0,0
aug_doc1_imagem_303.jpg,,,,,"SORTS ogee SRST Re NNN S

er Semaine MeeaggeE

Universidade Estadual de Campinas

AY

Del

UNICAMP

CARTEIRA ESTUDANTIL
VALIDADE:
Davi Costela

Mestrad@",22,1,0,1,1,1,0,0,0,0,0,0,0,0
aug_doc1_imagem_466.jpg,,,,,"s%
o.

UNICAMP

CARTEIRA ESTUDANTIL

VALIDADE:
Sofia Montenegro

Gradua ?2?26",10,1,0,1,0,0,0,0,0,0,0,0,0,0
aug_doc1_imagem_432.jpg,958.0,247.0,117.0,117.0,"Universidade Estadual ide Campinas

‘Me
a ~""

UNICAMP

CARTEIRA ESTUDANTIL
VALIDADE:
Miguel Nogueira

Doutorade",14,1,0,1,1,1,0,0,0,0,0,0,0,0
aug_doc1_imagem_321.jpg,521.0,525.0,122.0,122.0,"Opd10}N0g

$a|0S oUdIg
‘JGVONVA
TWINVGNLSA VHISLYVS

aWVvIINn

Pe ees
ay

seuidwes ap jenpe}sy apepisiaaiup",14,0,0,0,0,0,0,0,0,0,0,0,0,0
aug_doc1_imagem_418.jpg,521.0,525.0,122.0,122.0,"OgseeOnpoy
soo 4 A\jiWi0y
‘JQVONVA
MWLINVGNLSA VHISLYVO

aWVvIINn

Pe ees
ay

seuidwes ap jenpe}sy apepisiaaiup",15,0,0,0,0,0,0,0,0,0,0,0,0,0
aug_doc1_imagem_225.jpg,522.0,526.0,119.0,119.0,"Ogeeeonpoi9

SpubI5 OSOQeoUn!ING -DIS
-AQVAGNVA
TWINVGNLSS VEISLYVO

q Ps aE
J | /\

seuidwie9 ap jenpe}sy apepissaaiufp",17,0,0,0,0,0,0,0,0,0,0,0,0,0
aug_doc1_imagem_154.jpg,,,,,"Gp

WW

UNICAMP

CARTEIRA ESTUDANTIL

VALIDADE;

Dra.

Maria Clara Nascimento

Mestrado",11,1,0,1,0,0,0,0,0,0,0,0,0,0
aug_doc1_imagem_308.jpg,958.0,249.0,114.0,114.0,"Universidade Estadual de Campinas

AWS

Gg ba

UNICAMP

CARTEIRA ESTUDANTIL
VALIDADE;
Dra. Brenda Viana

Doutorado",15,1,0,1,1,1,0,0,0,0,0,0,0,0
aug_doc1_imagem_431.jpg,523.0,524.0,123.0,123.0,"OPd4}Sa\\

$O11DG OAD}SND ZN]
‘JaQVaINvA
MLINVONLSA VAEISLYVO

awWvIINn

wn Ale
a

seuidwie9 ap jenpe}sy epepisianiun",15,0,0,0,0,0,0,0,0,0,0,0,0,0
aug_doc1_imagem_245.jpg,958.0,249.0,114.0,114.0,"Universidade Estadual de Campinas

AWS

Gg ba

UNICAMP

CARTEIRA ESTUDANTIL
VALIDADE:
Augusto Gomes

Mestrado",14,1,0,1,1,1,0,0,0,0,0,0,0,0
aug_doc1_imagem_484.jpg,521.0,525.0,122.0,122.0,"Opd10}N0g

DAlS1194 09}}0\\ US
‘JavanvaA
MWLINVGNLSA VHISLYVO

aWVvIINn

Pe ees
ay

seuidwes ap jenpe}sy apepisiaaiup",15,0,0,0,0,0,0,0,0,0,0,0,0,0
aug_doc1_imagem_4.jpg,,,,,"ORT 5) ge eee ee

a

Universidade Estadual de Campinas

Wy
Ee Sar

UNICAMP

CARTEIRA ESTUDANTIL
VALIDADE:
Davi Cavaleante

Doutorads",20,1,0,1,1,1,0,0,0,0,0,0,0,0
aug_doc1_imagem_326.jpg,958.0,249.0,114.0,114.0,"Universidade Estadual de Campinas

AWS

Gg ba

UNICAMP

CARTEIRA ESTUDANTIL
VALIDADE;
Dr. Jos?? Miguel Cassiano

Mestrado",16,1,0,1,1,1,0,0,0,0,0,0,0,0
aug_doc1_imagem_485.jpg,958.0,249.0,116.0,116.0,"Universidade Estadual de Campinas

MW
Ege ar

UNICAMP

CARTEIRA ESTUDANTIL

VALIDADE;
Srta. Ol??via Mendes

Doutorad6",15,1,0,1,1,1,0,0,0,0,0,0,0,0
aug_doc1_imagem_402.jpg,,,,,"Universidade Estadual de Campinas

AVA
Eee Sar

UNICAMP

CARTEIRA ESTUDANTIL
VALIDADE:

Helo??sa_ Ribeiro

Gradua?@?26",14,1,0,1,1,1,0,0,0,0,0,0,0,0
aug_doc1_imagem_232.jpg,,,,,"s%
o.

UNICAMP

CARTEIRA ESTUDANTIL

VALIDADE;
Emanuelly da Costa

Doutorado",10,1,0,1,0,0,0,0,0,0,0,0,0,0
aug_doc1_imagem_251.jpg,958.0,249.0,114.0,114.0,"Universidade Estadual de Campinas

AWS

Gg ba

UNICAMP

CARTEIRA ESTUDANTIL
VALIDADE:
Anthony S??

Mestrado",14,1,0,1,1,1,0,0,0,0,0,0,0,0
aug_doc1_imagem_161.jpg,522.0,526.0,119.0,119.0,"Opd4jse/\

Sumoy snyyy
AGVGINVA
TLINVONLSA VaISLYVO

q Ps aE
J | /\

seuidwie9 ap jenpe}sy apepissaaiufp",16,0,0,0,0,0,0,0,0,0,0,0,0,0
aug_doc1_imagem_290.jpg,64.0,1085.0,27.0,27.0,"Oeeeeonpo5

SPOIPUY OpsoNpPy oO
‘JGVONVA

TMINVGNLSA VeISLYVoO

aWVvIINN

ame a
a

seuidwies ap jenpe}sy apepisiaaiup",15,0,0,0,0,0,0,0,0,0,0,0,0,0
aug_doc1_imagem_313.jpg,958.0,249.0,114.0,114.0,"Universidade Estadual de Campinas

AWS

Gg ba

UNICAMP

CARTEIRA ESTUDANTIL
VALIDADE;

Lorenzo Cirino

Mestrado",14,1,0,1,1,1,0,0,0,0,0,0,0,0
aug_doc1_imagem_157.jpg,526.0,494.0,98.0,98.0,"Opd10}N0g

SOdwo9g, duunN] ‘cS
‘JavanvaA
TMLINVONLSA VHISLYVO

aWVvIINn

Pe ees
ay

seuidwes ap jenpe}sy apepisiaaiup",15,0,0,0,0,0,0,0,0,0,0,0,0,0
aug_doc1_imagem_343.jpg,526.0,494.0,98.0,98.0,"Opdijso\

Dé~0b04 sDIy}OW “4S
‘Javanva
TWINVGNLSA VHISLYVS

aWVvIINn

Pe ees
ay

seuidwes ap jenpe}sy apepisiaaiup",15,0,0,0,0,0,0,0,0,0,0,0,0,0
aug_doc1_imagem_236.jpg,956.0,249.0,116.0,116.0,"Universidade Estadual de Campinas

VA

Fall

UNICAMP

CARTEIRA ESTUDANTIL
VALIDADE:
Felipe Nunes

Doutoradsé",13,1,0,1,1,1,0,0,0,0,0,0,0,0
aug_doc1_imagem_324.jpg,,,,,"Op010}N0g

SDIG, OpuDUse 4
‘JQVANIVA
WLINVGNLSA VuISLYVO

aWNVSINN

Pe Als
ay

seuidwies ap jenpeysy apepissaniuy)",15,0,0,0,0,0,0,0,0,0,0,0,0,0
aug_doc1_imagem_349.jpg,,,,,"@pdajsay\

QyuewuidG won)
AVANWA
TMINVONLSA VEIELYVOD

aWVIINN

a=, AOS

“ay

seurdweg ep jenpeysg epeprsieaiul

Sa PRA S ar ——

Lomas:",20,0,0,0,0,0,0,0,0,0,0,0,0,0
aug_doc1_imagem_199.jpg,958.0,249.0,114.0,114.0,"MY
oe.

UNICAMP

CARTEIRA ESTUDANTIL

VALIDADE;

Clara Pereira

Gradua??220",9,1,0,1,0,0,0,0,0,0,0,0,0,0
aug_doc1_imagem_247.jpg,958.0,249.0,114.0,114.0,"Universidade Estadual de Campinas

AWS

Gg ba

UNICAMP

CARTEIRA ESTUDANTIL
VALIDADE;
Heitor Santos

Doutorado",14,1,0,1,1,1,0,0,0,0,0,0,0,0
aug_doc1_imagem_421.jpg,64.0,1085.0,27.0,27.0,"Opo4jsoy\

DYUND OIAGET

‘JQVaINvA

TMINVGNLSA VeISLYVoO

aWVvIINN

ame a
a

seuidwies ap jenpe}sy apepisiaaiup",14,0,0,0,0,0,0,0,0,0,0,0,0,0
aug_doc1_imagem_463.jpg,,,,,"Opbajsoy\
BOAGN SOP OIAg?E] OUy
Javarwa
TWINVONLSA VEILYVO

aWVOINN

Pe’ AOA

ay

seulduieg ep jenpeysg epepisieajuy",16,0,0,0,0,0,0,0,0,0,0,0,0,0
aug_doc1_imagem_71.jpg,,,,,"s%
o.

UNICAMP

CARTEIRA ESTUDANTIL

VALIDADE:
Gabrielly da Luz

Gradua ?2?26",11,1,0,1,0,0,0,0,0,0,0,0,0,0
aug_doc1_imagem_100.jpg,522.0,525.0,121.0,121.0,"9p010}N0G
OUjoAsD> OKjeqos;
‘JOVANIVA

WLINVGINLSSA VAISLYVO

AaWVSINN

Pa ES

ay

seuidwes ep jenpeysy epepisuoniuy)",14,0,0,0,0,0,0,0,0,0,0,0,0,0
aug_doc1_imagem_114.jpg,,,,,"s%
o.

UNICAMP

CARTEIRA ESTUDANTIL

VALIDADE;
Eduarda Oliveira

Doutorado",9,1,0,1,0,0,0,0,0,0,0,0,0,0
aug_doc1_imagem_194.jpg,,,,,"Gages ONP04S
pyunD un, uq
‘JavaNnva
TMINVONLSA VeISLYVo

AaWVIINnN

a FOF

ay

seuidwies ap jenpe}sy epepisuaaiup",16,0,0,0,0,0,0,0,0,0,0,0,0,0
aug_doc1_imagem_286.jpg,64.0,1085.0,27.0,27.0,"Opd10}n0q

NUBS|DADD jenbiy 1A0g
‘JavanvaA

TMINVGNLSA VeISLYVoO

aWVvIINN

ame a
a

seuidwies ap jenpe}sy apepisiaaiup",15,0,0,0,0,0,0,0,0,0,0,0,0,0
aug_doc1_imagem_304.jpg,526.0,494.0,98.0,98.0,"OS GSEONPOIO

DueNd Oey] “4G
‘JavanvaA
MWLINVGNLSA VHISLYVO

aWVvIINn

Pe ees
ay

seuidwes ap jenpe}sy apepisiaaiup",16,0,0,0,0,0,0,0,0,0,0,0,0,0
aug_doc1_imagem_256.jpg,521.0,525.0,122.0,122.0,"Opdijso\

SUDIIDADD OU}DbEe
‘JavanvaA
TMLINVONLSA VHISLYVO

aWVvIINn

Pe ees
ay

seuidwes ap jenpe}sy apepisiaaiup",14,0,0,0,0,0,0,0,0,0,0,0,0,0
aug_doc1_imagem_390.jpg,,,,,"Universidade Estadual de Campinas

WW

Fill

UNICAMP

CARTEIRA ESTUDANTIL
VALIDADE;

Ravi Cassiano

Doutorado",13,1,0,1,1,1,0,0,0,0,0,0,0,0
aug_doc1_imagem_167.jpg,65.0,1086.0,26.0,26.0,"@p010}N0g

SOWDY DUD
‘JQVAIIVA
TMLINVGNLSA VHIFLYVO

aWVvIInNnN

Pe A
ay

seuidwies ep jenpe}sy apepisiaaiuf)",14,0,0,0,0,0,0,0,0,0,0,0,0,0
aug_doc1_imagem_62.jpg,493.0,567.0,135.0,135.0,"OS ssEONPOIO
SIDAON 49109 US
‘JQVGNVA
TMLINVONLSA VHIFLYVo

AaANVIINN

a ees
ay

seuidwed ap jenpeys3 apepisuaniup)",16,0,0,0,0,0,0,0,0,0,0,0,0,0
aug_doc1_imagem_188.jpg,,,,,"s%
o.

UNICAMP

CARTEIRA ESTUDANTIL

VALIDADE;
La??s da Costa

Doutorado",10,1,0,1,0,0,0,0,0,0,0,0,0,0
aug_doc1_imagem_360.jpg,64.0,1085.0,27.0,27.0,"Opo4jsoy\

DIDWIE ED DAY

‘JQVaivA

TMINVGNLSA VeISLYVoO

aWVvIINN

ame a
a

seuidwies ap jenpe}sy apepisiaaiup",15,0,0,0,0,0,0,0,0,0,0,0,0,0
aug_doc1_imagem_358.jpg,526.0,494.0,98.0,98.0,"Opd10}N0g

ZNMID Op. _jeqos| ‘o1g
‘JGVONVA
TWINVGNLSA VHISLYVS

aWVvIINn

Pe ees
ay

seuidwes ap jenpe}sy apepisiaaiup",16,0,0,0,0,0,0,0,0,0,0,0,0,0
aug_doc1_imagem_344.jpg,958.0,249.0,114.0,114.0,"Universidade Estadual de Campinas

AWS

Gg ba

UNICAMP

CARTEIRA ESTUDANTIL
VALIDADE;
Davi Miguel Cunha

Mestrado",15,1,0,1,1,1,0,0,0,0,0,0,0,0
aug_doc1_imagem_259.jpg,958.0,249.0,116.0,116.0,"Universidade Estadual de Campinas

AVA
Aa ar

UNICAMP

CARTEIRA ESTUDANTIL
VALIDADE:
Dr. Miquel Novaes

Mestrad6é",15,1,0,1,1,1,0,0,0,0,0,0,0,0
aug_doc1_imagem_269.jpg,64.0,1085.0,27.0,27.0,"Opo4jsoy\

snser iin, 4g
‘JavanvaA

TMINVGNLSA VeISLYVoO

aWVvIINN

ame a
a

seuidwies ap jenpe}sy apepisiaaiup",15,0,0,0,0,0,0,0,0,0,0,0,0,0
aug_doc1_imagem_118.jpg,985.0,221.0,148.0,148.0,"Universidade Estadual de Campinas

SZ

(af , \
go 4
UNICAMP

CARTEIRA ESTUDANTIL

VALIDADE <",15,1,1,1,1,1,0,0,0,0,0,0,0,0
aug_doc1_imagem_389.jpg,64.0,1085.0,27.0,27.0,"Opo4jsoy\

pulexia| 161N]
‘JavanvaA

TMINVGNLSA VeISLYVoO

aWVvIINN

ame a
a

seuidwies ap jenpe}sy apepisiaaiup",14,0,0,0,0,0,0,0,0,0,0,0,0,0
aug_doc1_imagem_317.jpg,,,,,"Universidade Estadual de Campinas

Si
Fill

UNICAMP

CARTEIRA ESTUDANTIL

VALIDADE:
Hellena Marques

Gradua?922o",13,1,0,1,1,1,0,0,0,0,0,0,0,0
aug_doc1_imagem_37.jpg,958.0,249.0,114.0,114.0,"AYA
GB

UNICAMP

CARTEIRA ESTUDANTIL

VALIDADE;

Marcos Vinicius Moreira

Doutorado",10,1,0,1,0,0,0,0,0,0,0,0,0,0
aug_doc1_imagem_150.jpg,,,,,"s%
o.

UNICAMP

CARTEIRA ESTUDANTIL

VALIDADE;

Daniela Gomes

Mestrado",9,1,0,1,0,0,0,0,0,0,0,0,0,0
aug_doc1_imagem_383.jpg,616.0,620.0,88.0,88.0,"Ob déé

7

—ggvarty
WLNVONLSA ValFLyV<
. @aNvIINn
/ mes
ee

IN

seuidwes ap jenpejsy epepisuaniup",16,0,0,0,0,0,0,0,0,0,0,0,0,0
aug_doc1_imagem_59.jpg,521.0,525.0,122.0,122.0,"Opd10}N0g

OgeeelooU0D Op obiipoy 4G
‘Javanva
TMLINVONLSA VAEIFLYVO

aWVvIINn

Pe ees
ay

seuidwes ap jenpe}sy apepisiaaiup",16,0,0,0,0,0,0,0,0,0,0,0,0,0
aug_doc1_imagem_340.jpg,,,,,"s%
o.

UNICAMP

CARTEIRA ESTUDANTIL

VALIDADE;
Pietro Siqueira

Doutorado",9,1,0,1,0,0,0,0,0,0,0,0,0,0
aug_doc1_imagem_469.jpg,,,,,"Universidade Estadual de Campinas

VW

Ga

UNICAMP

CARTEIRA ESTUDANTIL
VALIDADE:
Brenda Coastela

Mestrado",13,1,0,1,1,1,0,0,0,0,0,0,0,0
aug_doc1_imagem_162.jpg,,,,,"AYA
Gp

UNICAMP

CARTEIRA ESTUDANTIL

VALIDADE;

Ana Cec??lia Montenegro

Mestrado",10,1,0,1,0,0,0,0,0,0,0,0,0,0
aug_doc1_imagem_77.jpg,958.0,249.0,114.0,114.0,"Universidade Estadual de Campinas

AWS

Gg ba

UNICAMP

CARTEIRA ESTUDANTIL
VALIDADE;
Thomas Andrade

Mestrado",14,1,0,1,1,1,0,0,0,0,0,0,0,0
aug_doc1_imagem_119.jpg,64.0,1085.0,27.0,27.0,"OBSEEONPOIH
ZOJQ OP 1ADYY
JQVaNvA
MLINVGNLSA VeISLYVo

aWVvIINn

wv ees

ay

seuidwies ap jenpe}sy apepisiaaiuf:",15,0,0,0,0,0,0,0,0,0,0,0,0,0
aug_doc1_imagem_56.jpg,525.0,526.0,121.0,121.0,"posse;

SO414 9OlUD|D
JOVANVA
MLINVGNLSS VeIFLYVO

AaWVIINN

Pe’ Es

ay

seuidwes ep jenpeysy epepisuaniupt)",14,0,0,0,0,0,0,0,0,0,0,0,0,0
aug_doc1_imagem_295.jpg,521.0,525.0,122.0,122.0,"Opd10}N0g

$3|DS DIINP DLDY\
‘JavanvaA
MWLINVGNLSA VHISLYVO

aWVvIINn

Pe ees
ay

seuidwes ap jenpe}sy apepisiaaiup",15,0,0,0,0,0,0,0,0,0,0,0,0,0
aug_doc1_imagem_465.jpg,521.0,525.0,122.0,122.0,"OS GSEONPOIO
$OJUDS jenbiy,, zinq
‘JavanvaA
MWLINVGNLSA VHISLYVO

aWVvIINn

Pe ees
ay

seuidwes ap jenpe}sy apepisiaaiup",16,0,0,0,0,0,0,0,0,0,0,0,0,0
aug_doc1_imagem_21.jpg,,,,,"Universidade Estadual de Campinas

RAYA

a”

UNICAMP

CARTEIRA ESTUDANTIL
VALIDADE:

Sofia Freitas

Doutorads",13,1,0,1,1,1,0,0,0,0,0,0,0,0
aug_doc1_imagem_474.jpg,526.0,494.0,98.0,98.0,"OS GSEONPOIO

DYIBAI|Q ODI4UA
‘JavanvaA
MWLINVGNLSA VHISLYVO

aWVvIINn

Pe ees
ay

seuidwes ap jenpe}sy apepisiaaiup",15,0,0,0,0,0,0,0,0,0,0,0,0,0
aug_doc1_imagem_495.jpg,12.0,1250.0,48.0,48.0,"Se IOVat
AWINVGanAlSa Wola

awd oinNn
an e

“aS

seurdweg ep jenpeis apep
—",14,0,0,0,0,0,0,0,0,0,0,0,0,0
aug_doc1_imagem_50.jpg,521.0,525.0,122.0,122.0,"Opdijso\

O}UIq DIDS
‘JavanvaA
MWLINVGNLSA VHISLYVO

aWVvIINn

Pe ees
ay

seuidwes ap jenpe}sy apepisiaaiup",14,0,0,0,0,0,0,0,0,0,0,0,0,0
aug_doc1_imagem_483.jpg,1158.0,214.0,114.0,114.0,"Universidade Estadual de Campinas

AY

Feel

UNICAMP

CARTEIRA ESTUDANTIL
VALIDADE:
Helo??sa da Cunha

Gradua????o",14,1,0,1,1,1,0,0,0,0,0,0,0,0
aug_doc1_imagem_291.jpg,526.0,494.0,98.0,98.0,"Opd10}N0g

Spbup, one DUDy
‘JavanvaA
MWLINVGNLSA VHISLYVO

aWVvIINn

Pe ees
ay

seuidwes ap jenpe}sy apepisiaaiup",15,0,0,0,0,0,0,0,0,0,0,0,0,0
aug_doc1_imagem_410.jpg,956.0,250.0,115.0,115.0,"Universidade Estadual de Campinas

WA
Ad Sar

UNICAMP

CARTEIRA ESTUDANTIL
VALIDADE;
Srta. Alice Brito

Mestradé",15,1,0,1,1,1,0,0,0,0,0,0,0,0
aug_doc1_imagem_406.jpg,156.0,375.0,29.0,29.0,"5 ez atta Estadual de Campinas

We
Pst

UNICAMP ge

Cin.
CARTEIRA ESTUDANTIL |

VALIOAT eagle ~",17,1,0,1,0,1,0,0,0,0,0,0,0,0
aug_doc1_imagem_332.jpg,958.0,249.0,114.0,114.0,"Universidade Estadual de Campinas

AWS

Gg ba

UNICAMP

CARTEIRA ESTUDANTIL
VALIDADE:
Srta. Liz Pacheco

Gradua??220",15,1,0,1,1,1,0,0,0,0,0,0,0,0
aug_doc1_imagem_428.jpg,534.0,498.0,88.0,88.0,"Opojsa\

DbyuND op oIINP
‘avanvA
MLINVONLSA VYISLYVO

aWNVIINN

we Ee

ay

seuidwes ep jenpe}sy epepisiaaiup)",15,0,0,0,0,0,0,0,0,0,0,0,0,0
aug_doc1_imagem_31.jpg,526.0,494.0,98.0,98.0,"OS GSEONPOIO

Og2ecle2U09 OP oUuNnT
‘JavanvaA
MWLINVGNLSA VHISLYVO

aWVvIINn

Pe ees
ay

seuidwes ap jenpe}sy apepisiaaiup",16,0,0,0,0,0,0,0,0,0,0,0,0,0
aug_doc1_imagem_134.jpg,958.0,249.0,114.0,114.0,"Universidade Estadual de Campinas

AWS

Gg ba

UNICAMP

CARTEIRA ESTUDANTIL
VALIDADE:
Mirella Pacheco

Gradua??220",14,1,0,1,1,1,0,0,0,0,0,0,0,0
aug_doc1_imagem_285.jpg,521.0,525.0,122.0,122.0,"Opd10}N0g

GIDGWIDS DIAG] DUY “DIS
‘JavanvaA
MWLINVGNLSA VHISLYVO

aWVvIINn

Pe ees
ay

seuidwes ap jenpe}sy apepisiaaiup",16,0,0,0,0,0,0,0,0,0,0,0,0,0
aug_doc1_imagem_442.jpg,,,,,"Universidade Estadual de Rrienipas

RAVAN
ag

UNICARAP

CARTEIRA ESTUDANTIL

VALIDADE:
Ayla Machado

Gradua????o",13,1,0,0,1,1,0,0,0,0,0,0,0,0
aug_doc1_imagem_263.jpg,526.0,494.0,98.0,98.0,"Opd10}N0g

Diwenyg Auoujuy
‘JavanvaA
TMLINVONLSA VHISLYVO

aWVvIINn

Pe ees
ay

seuidwes ap jenpe}sy apepisiaaiup",14,0,0,0,0,0,0,0,0,0,0,0,0,0
aug_doc1_imagem_254.jpg,521.0,525.0,122.0,122.0,"OS GSEONPOIO
OUJDAIDD jslugoy AuoUjUy
‘JavanvaA
TMLINVONLSA VHISLYVO

aWVvIINn

Pe ees
ay

seuidwes ap jenpe}sy apepisiaaiup",16,0,0,0,0,0,0,0,0,0,0,0,0,0
aug_doc1_imagem_223.jpg,,,,,"s%
o.

UNICAMP

CARTEIRA ESTUDANTIL

VALIDADE;

Carolina Dias

Doutorado",9,1,0,1,0,0,0,0,0,0,0,0,0,0
aug_doc1_imagem_206.jpg,521.0,525.0,122.0,122.0,"Opd10}N0g

SOJUDS 1ADYY
‘JavanvaA
MWLINVGNLSA VHISLYVO

aWVvIINn

Pe ees
ay

seuidwes ap jenpe}sy apepisiaaiup",14,0,0,0,0,0,0,0,0,0,0,0,0,0
aug_doc1_imagem_437.jpg,,,,,"AYA
Gp

UNICAMP

CARTEIRA ESTUDANTIL

VALIDADE;

Ana Carolina Pimenta

Mestrado",10,1,0,1,0,0,0,0,0,0,0,0,0,0
aug_doc1_imagem_145.jpg,521.0,525.0,122.0,122.0,"Opd10}N0g

DIIOAI|O 200S|
‘JavanvaA
MWLINVGNLSA VHISLYVO

aWVvIINn

Pe ees
ay

seuidwes ap jenpe}sy apepisiaaiup",14,0,0,0,0,0,0,0,0,0,0,0,0,0
aug_doc1_imagem_357.jpg,,,,,"AYA
Gp

UNICAMP

CARTEIRA ESTUDANTIL

VALIDADE;
Gael Henrique Almeida

Mestrado",10,1,0,1,0,0,0,0,0,0,0,0,0,0
aug_doc1_imagem_208.jpg,958.0,249.0,115.0,115.0,"Universidade Estadual de Campinas

WW,
Aba Sar

UNICAMP

CARTEIRA ESTUDANTIL
VALIDADE:
Isabela Andrade

Doutorado",14,1,0,1,1,1,0,0,0,0,0,0,0,0
aug_doc1_imagem_63.jpg,526.0,494.0,98.0,98.0,"Opdijso\

Souuog |ADG “JS
‘JavanvaA
MWLINVGNLSA VHISLYVO

aWVvIINn

Pe ees
ay

seuidwes ap jenpe}sy apepisiaaiup",15,0,0,0,0,0,0,0,0,0,0,0,0,0
aug_doc1_imagem_215.jpg,526.0,494.0,98.0,98.0,"OS GSEONPOIO

Dpletuly o1ped
‘AQVANVA
TWINVGNLSA VHISLYVS

aWVvIINn

Pe ees
ay

seuidwes ap jenpe}sy apepisiaaiup",15,0,0,0,0,0,0,0,0,0,0,0,0,0
aug_doc1_imagem_239.jpg,535.0,497.0,85.0,85.0,"Qeeee0npoi5

Og oj1U0Gg
-JOVaNVA
TLINVGNLSS VaISLYVO

AaWV3INNM

Pe AOS
ay

seuidwies ap jenpeysy apepisusaiup",14,0,0,0,0,0,0,0,0,0,0,0,0,0
aug_doc1_imagem_378.jpg,958.0,249.0,114.0,114.0,"Universidade Estadual de Campinas

AWS

Gg ba

UNICAMP

CARTEIRA ESTUDANTIL
VALIDADE;
Melissa Rezende

Gradua??220",14,1,0,1,1,1,0,0,0,0,0,0,0,0
aug_doc1_imagem_479.jpg,64.0,1085.0,27.0,27.0,"OBese0NPO9
S8ASN SOP zing !A0q us
‘Javanva

TMINVGNLSA VeISLYVoO

aWVvIINN

ame a
a

seuidwies ap jenpe}sy apepisiaaiup",17,0,0,0,0,0,0,0,0,0,0,0,0,0
aug_doc1_imagem_318.jpg,526.0,494.0,98.0,98.0,"Opdijso\

BYUND EP unuyyy 4g
‘JavanvaA
MWLINVGNLSA VHISLYVO

aWVvIINn

Pe ees
ay

seuidwes ap jenpe}sy apepisiaaiup",16,0,0,0,0,0,0,0,0,0,0,0,0,0
aug_doc1_imagem_126.jpg,64.0,1085.0,27.0,27.0,"Opd10}n0q

OWOY4 OpsoNpy
‘JGVONVA

TMINVGNLSA VeISLYVoO

aWVvIINN

ame a
a

seuidwies ap jenpe}sy apepisiaaiup",14,0,0,0,0,0,0,0,0,0,0,0,0,0
aug_doc1_imagem_493.jpg,,,,,"AYA
Gp

UNICAMP

CARTEIRA ESTUDANTIL

VALIDADE;
Danilo Vasconcelos

Gradua ?2?26",10,1,0,1,0,0,0,0,0,0,0,0,0,0
aug_doc1_imagem_60.jpg,959.0,249.0,114.0,114.0,"Universidade Estadual de Campinas

AYA
Ad ar

UNICAMP

CARTEIRA ESTUDANTIL
VALIDADE;
Gabriel Vargas

Doutorado",14,1,0,1,1,1,0,0,0,0,0,0,0,0
aug_doc1_imagem_103.jpg,826.0,486.0,28.0,28.0,"Universidade Estadual de Campinas

ws
a=

UNICANP é*

CARTEIRA ESTUDANTIL",10,1,0,0,1,1,0,0,0,0,0,0,0,0
aug_doc1_imagem_325.jpg,958.0,249.0,114.0,114.0,"Universidade Estadual de Campinas

AWS

Gg ba

UNICAMP

CARTEIRA ESTUDANTIL
VALIDADE;
Daniel Porto

Mestrado",14,1,0,1,1,1,0,0,0,0,0,0,0,0
aug_doc1_imagem_287.jpg,,,,,"AYA
Gp

UNICAMP

CARTEIRA ESTUDANTIL

VALIDADE:
Sr. Thales Albuquerque

Gradua ?2?26",11,1,0,1,0,0,0,0,0,0,0,0,0,0
aug_doc1_imagem_3.jpg,64.0,1085.0,27.0,27.0,"OSE ONPOIO
SOWUDS ga}090
‘JavanvaA

TMINVGNLSA VeISLYVoO

aWVvIINN

ame a
a

seuidwies ap jenpe}sy apepisiaaiup",15,0,0,0,0,0,0,0,0,0,0,0,0,0
aug_doc1_imagem_467.jpg,,,,,"Universidade Estadual de Campinas

RV
== el

UNICAMP

CARTEIRA ESTUDANTIL

VALIDADE;
Sr. Arthur Pimenta

Gradua????0",15,1,0,1,1,1,0,0,0,0,0,0,0,0
aug_doc1_imagem_417.jpg,,,,,"ew ER TS ee eee
a Set ais ET SNES “Rte

Universidade Estadual de Campinas

AYA

Fill

UNICAMP

CARTEIRA ESTUDANTIL

VALIDADE;
Maria Laura da Costa

Mestrado",26,1,0,1,1,1,0,0,0,0,0,0,0,0
aug_doc1_imagem_95.jpg,521.0,525.0,122.0,122.0,"OS GSEONPOIO

DUDIA O1}d!q4
‘JavanvaA
MWLINVGNLSA VHISLYVO

aWVvIINn

Pe ees
ay

seuidwes ap jenpe}sy apepisiaaiup",15,0,0,0,0,0,0,0,0,0,0,0,0,0
aug_doc1_imagem_341.jpg,958.0,249.0,115.0,115.0,"Universidade Estadual de Campinas

VY
es =

UNICAMP

CARTEIRA ESTUDANTIL
VALIDADE;

Giovanna das Neves

Mestradé",15,1,0,1,1,1,0,0,0,0,0,0,0,0
aug_doc1_imagem_367.jpg,521.0,525.0,122.0,122.0,"Opdijso\

ouleqiy oyueg
‘Javanva
TWINVGNLSA VHISLYVS

aWVvIINn

Pe ees
ay

seuidwes ap jenpe}sy apepisiaaiup",14,0,0,0,0,0,0,0,0,0,0,0,0,0
aug_doc1_imagem_160.jpg,537.0,498.0,85.0,85.0,"Bees OP 0.)

SOUDGEOINE 210 ZIN]
‘JQVAIIVA
TMLINVGNLSA VIS LYVO

aWVIINnN

Pe Ee
ay

seuidwies ap jenpe}sy apepisiaaiup)",18,0,0,0,0,0,0,0,0,0,0,0,0,0
aug_doc1_imagem_142.jpg,,,,,"Oposjsoyw

DjUeWY 029/07
‘JAVANVA

WLNVONLSA VaISLYVO

awVvoINnn

au
ay

seujdwieg ep jenpeysy epepisueniuy)",13,0,0,0,0,0,0,0,0,0,0,0,0,0
aug_doc1_imagem_361.jpg,,,,,"s%
o.

UNICAMP

CARTEIRA ESTUDANTIL

VALIDADE;
Marina Brito

Gradua ?2?26",10,1,0,1,0,0,0,0,0,0,0,0,0,0
aug_doc1_imagem_131.jpg,,,,,"s%
o.

UNICAMP

CARTEIRA ESTUDANTIL

VALIDADE;
Ot??vio Cunha

Gradua ?2?26",10,1,0,1,0,0,0,0,0,0,0,0,0,0
aug_doc1_imagem_88.jpg,64.0,1085.0,27.0,27.0,"Opd10}n0q

OSOpsDD CpudUle4
‘JGVONVA

TMINVGNLSA VeISLYVoO

aWVvIINN

ame a
a

seuidwies ap jenpe}sy apepisiaaiup",14,0,0,0,0,0,0,0,0,0,0,0,0,0
aug_doc1_imagem_476.jpg,,,,,"AYA
Gp

UNICAMP

CARTEIRA ESTUDANTIL

VALIDADE;
Dra. Nat??lia Carvalho

Gradua ?2?26",11,1,0,1,0,0,0,0,0,0,0,0,0,0
aug_doc1_imagem_368.jpg,,,,,"s%
o.

UNICAMP

CARTEIRA ESTUDANTIL

VALIDADE;
Sr. Danilo Carvalho

Mestrado",10,1,0,1,0,0,0,0,0,0,0,0,0,0
aug_doc1_imagem_336.jpg,325.0,553.0,52.0,52.0,"Oposjsoy

DEANS O[2dJ0;\
‘JAVANVA
WLINVONLSA VaISLYVO

AaWVIINN

ame ae

KN

seuidwes op jenpeysy apepisseniup)",14,0,0,0,0,0,0,0,0,0,0,0,0,0
aug_doc1_imagem_489.jpg,958.0,249.0,114.0,114.0,"Universidade Estadual de Campinas

AWS

Gg ba

UNICAMP

CARTEIRA ESTUDANTIL
VALIDADE:
Eloah Viana

Gradua??220",14,1,0,1,1,1,0,0,0,0,0,0,0,0
aug_doc1_imagem_455.jpg,64.0,1085.0,27.0,27.0,"OS sseONpoig
Spoipuy wi}ud|DA

‘JaQVaivA

TMINVGNLSA VeISLYVoO

aWVvIINN

ame a
a

seuidwies ap jenpe}sy apepisiaaiup",15,0,0,0,0,0,0,0,0,0,0,0,0,0
aug_doc1_imagem_34.jpg,958.0,249.0,114.0,114.0,"Universidade Estadual de Campinas

AWS

Gg ba

UNICAMP

CARTEIRA ESTUDANTIL
VALIDADE;
Srta. Cecilia da Mata

Gradua??220",16,1,0,1,1,1,0,0,0,0,0,0,0,0
aug_doc1_imagem_135.jpg,,,,,"AYA
Gp

UNICAMP

CARTEIRA ESTUDANTIL

VALIDADE;
Gael Henrique Costela

Gradua ?2?26",11,1,0,1,0,0,0,0,0,0,0,0,0,0
aug_doc1_imagem_227.jpg,,,,,"Qee6e0NP019
DAENIOQ,O!AEEIO “4S
Javan

WLINVONLSA WHISLYVo

aWwVvoINn

a, EOS

KN

seuldwies ep jenpeysy epepisieniuy)",14,0,0,0,0,0,0,0,0,0,0,0,0,0
aug_doc1_imagem_395.jpg,,,,,"AYA
Gp

UNICAMP

CARTEIRA ESTUDANTIL

VALIDADE;
Dr. Henry Gabriel Montenegro

Gradua ?2?26",12,1,0,1,0,0,0,0,0,0,0,0,0,0
aug_doc1_imagem_209.jpg,64.0,1085.0,27.0,27.0,"Opo4jsoy\

Sanbupy dIOgé\V

‘JQVaiNvA

TMINVGNLSA VeISLYVoO

aWVvIINN

ame a
a

seuidwies ap jenpe}sy apepisiaaiup",14,0,0,0,0,0,0,0,0,0,0,0,0,0
aug_doc1_imagem_148.jpg,,,,,"Universidade Estadual de Campinas

WW

Deel

UNICAMP

CARTEIRA ESTUDANTIL
VALIDADE:

Thomas Guernrd

Doutorade",13,1,0,1,1,1,0,0,0,0,0,0,0,0
aug_doc1_imagem_52.jpg,958.0,249.0,114.0,114.0,"Universidade Estadual de Campinas

AWS

Gg ba

UNICAMP

CARTEIRA ESTUDANTIL
VALIDADE;
Ana Liz Machado

Doutorado",15,1,0,1,1,1,0,0,0,0,0,0,0,0
aug_doc1_imagem_129.jpg,64.0,1085.0,27.0,27.0,"OS sseONpoig
O}JUSWIOSON DIJOS

‘JQVaINvA

TMINVGNLSA VeISLYVoO

aWVvIINN

ame a
a

seuidwies ap jenpe}sy apepisiaaiup",15,0,0,0,0,0,0,0,0,0,0,0,0,0
aug_doc1_imagem_159.jpg,,,,,"s%
o.

UNICAMP

CARTEIRA ESTUDANTIL

VALIDADE;
Pedro Miguel Gomes

Gradua ?2?26",11,1,0,1,0,0,0,0,0,0,0,0,0,0
aug_doc1_imagem_122.jpg,526.0,494.0,98.0,98.0,"Opdijso\

OWE ONELION
‘Javanva
TMLINVGNLSA VeISLYVo

aWVvIINn

Pe ees
ay

seuidwes ap jenpe}sy apepisiaaiup",14,0,0,0,0,0,0,0,0,0,0,0,0,0
aug_doc1_imagem_456.jpg,64.0,1085.0,27.0,27.0,"Opo4jsoy\

sodwips A\jaqnos|
‘JavanvaA

TMINVGNLSA VeISLYVoO

aWVvIINN

ame a
a

seuidwies ap jenpe}sy apepisiaaiup",14,0,0,0,0,0,0,0,0,0,0,0,0,0
aug_doc1_imagem_176.jpg,521.0,525.0,122.0,122.0,"OS GSEONPOIO
Senbupoy dj|aJ4!/\
‘JavanvaA
MWLINVGNLSA VHISLYVO

aWVvIINn

Pe ees
ay

seuidwes ap jenpe}sy apepisiaaiup",15,0,0,0,0,0,0,0,0,0,0,0,0,0
aug_doc1_imagem_264.jpg,526.0,494.0,98.0,98.0,"Opdijso\

DAIEPIOD OSZEnq
‘Javanva
TWINVGNLSA VHISLYVS

aWVvIINn

Pe ees
ay

seuidwes ap jenpe}sy apepisiaaiup",14,0,0,0,0,0,0,0,0,0,0,0,0,0
aug_doc1_imagem_447.jpg,526.0,494.0,98.0,98.0,"OS GSEONPOIO

SePuDUIS4 9dlUD|D
‘JavanvaA
MWLINVGNLSA VHISLYVO

aWVvIINn

Pe ees
ay

seuidwes ap jenpe}sy apepisiaaiup",15,0,0,0,0,0,0,0,0,0,0,0,0,0
aug_doc1_imagem_152.jpg,967.0,225.0,138.0,138.0,"CARTEIRA ESTUDANTIL
VALIDADE",3,1,1,0,0,0,0,0,0,0,0,0,0,0
aug_doc1_imagem_365.jpg,1062.0,214.0,144.0,144.0,"Universidade Estadual de Campinas

SY
a~

UNICAMPL
Ge Af

CARTEIRA ESTUDANTIL
VALIDADE:",12,1,0,0,1,1,0,0,0,0,0,0,0,0
aug_doc1_imagem_434.jpg,,,,,"Universidade Estadual de Campinas

AYA
Ea ar

UNICAMP

CARTEIRA ESTUDANTIL
VALIDADE;
Srta. Yasmin Freitas

Mestrado",15,1,0,1,1,1,0,0,0,0,0,0,0,0
aug_doc1_imagem_19.jpg,,,,,"Universidade Estadual de Campinas

RVA
Aa Sar

UNICAMP

CARTEIRA ESTUDANTIL

VALIDADE;
Dr. Rhavi Pastor

Doutorad6",15,1,0,1,1,1,0,0,0,0,0,0,0,0
aug_doc1_imagem_213.jpg,64.0,1085.0,27.0,27.0,"Opo4jsoy\

enbienbngjy jenbi ¢esor
‘JavanvaA

TMINVGNLSA VeISLYVoO

aWVvIINN

ame a
a

seuidwies ap jenpe}sy apepisiaaiup",15,0,0,0,0,0,0,0,0,0,0,0,0,0
aug_doc1_imagem_221.jpg,526.0,494.0,98.0,98.0,"Opdijso\

Dplosiody JOSH
‘JavanvaA
TMLINVONLSA VHISLYVO

aWVvIINn

Pe ees
ay

seuidwes ap jenpe}sy apepisiaaiup",14,0,0,0,0,0,0,0,0,0,0,0,0,0
aug_doc1_imagem_46.jpg,64.0,1085.0,27.0,27.0,"Oeeeeonpo5

epdipuy o10gZ,ueg

‘JQVaNvA

TMINVGNLSA VeISLYVoO

aWVvIINN

ame a
a

seuidwies ap jenpe}sy apepisiaaiup",14,0,0,0,0,0,0,0,0,0,0,0,0,0
aug_doc1_imagem_298.jpg,955.0,247.0,116.0,116.0,"Sarre anepreereentre 11 ——————————E—E
AE AEE CL eh RRR RTE TNT OT
oe oe sm nt mtn =r

Universidade Estadual de Campinas

AYA

Fill

UNICAMP

CARTEIRA ESTUDANTIL
VALIDADE:
Maria Moraes

GCradua????o",31,1,0,1,1,1,0,0,0,0,0,0,0,0
aug_doc1_imagem_268.jpg,,,,,"s%
o.

UNICAMP

CARTEIRA ESTUDANTIL

VALIDADE;
Kaique Ferreira

Mestrado",9,1,0,1,0,0,0,0,0,0,0,0,0,0
aug_doc1_imagem_11.jpg,,,,,"s%
o.

UNICAMP

CARTEIRA ESTUDANTIL

VALIDADE;
Felipe Cardoso

Mestrado",9,1,0,1,0,0,0,0,0,0,0,0,0,0
aug_doc1_imagem_274.jpg,64.0,1085.0,27.0,27.0,"Opo4jsoy\

DgeEoboy4 DIxaly

‘JQVaIvA

TMINVGNLSA VeISLYVoO

aWVvIINN

ame a
a

seuidwies ap jenpe}sy apepisiaaiup",14,0,0,0,0,0,0,0,0,0,0,0,0,0
aug_doc1_imagem_444.jpg,,,,,"ag vdl
“LiNva fs ValFLt

| $ dNV3INN

@™ Se:
“ay

Tm 8P 1enpeIsy epepisioniuy)

ee
~~ pS LE
teat So iia ae 7”",24,0,0,0,0,0,0,0,0,0,0,0,0,0
aug_doc1_imagem_23.jpg,64.0,1085.0,27.0,27.0,"Opd10}n0q

OiBeus}uoy Diudos ouy
‘JavanvaA

TMINVGNLSA VeISLYVoO

aWVvIINN

ame a
a

seuidwies ap jenpe}sy apepisiaaiup",15,0,0,0,0,0,0,0,0,0,0,0,0,0
aug_doc1_imagem_172.jpg,958.0,249.0,114.0,114.0,"Universidade Estadual de Campinas

AWS

Gg ba

UNICAMP

CARTEIRA ESTUDANTIL
VALIDADE:
Matteo Camargo

Mestrado",14,1,0,1,1,1,0,0,0,0,0,0,0,0
aug_doc1_imagem_482.jpg,958.0,249.0,114.0,114.0,"MY
oe.

UNICAMP

CARTEIRA ESTUDANTIL

VALIDADE;

Giovanna Jesus

Gradua??220",9,1,0,1,0,0,0,0,0,0,0,0,0,0
aug_doc1_imagem_101.jpg,520.0,525.0,123.0,123.0,"9pD10}N0G

Dsoqiogesouun] -01s
IGVaNVA
TLINVGNLSSA VEISLYVD

GaWYVSINM

au, TE
ay

seuidwieg ap jenpeysy apepisiaaiuf)",14,0,0,0,0,0,0,0,0,0,0,0,0,0
aug_doc1_imagem_140.jpg,64.0,1085.0,27.0,27.0,"Opo4jsoy\

oiodwes Auoujuy
‘Javanva

TMINVGNLSA VeISLYVoO

aWVvIINN

ame a
a

seuidwies ap jenpe}sy apepisiaaiup",14,0,0,0,0,0,0,0,0,0,0,0,0,0
aug_doc1_imagem_203.jpg,958.0,249.0,114.0,114.0,"Universidade Estadual de Campinas

AWS

Gg ba

UNICAMP

CARTEIRA ESTUDANTIL
VALIDADE;
Srta. Alana Ara?2jo

Doutorado",15,1,0,1,1,1,0,0,0,0,0,0,0,0
aug_doc1_imagem_58.jpg,64.0,1085.0,27.0,27.0,"Geewe ONP 015)
oud oysnbny
‘JavanvaA

TMINVGNLSA VeISLYVoO

aWVvIINN

ame a
a

seuidwies ap jenpe}sy apepisiaaiup",16,0,0,0,0,0,0,0,0,0,0,0,0,0
aug_doc1_imagem_416.jpg,64.0,1085.0,27.0,27.0,"Opd10}n0q

OULD JENOiN !A0g
‘Javanva

TMINVGNLSA VeISLYVoO

aWVvIINN

ame a
a

seuidwies ap jenpe}sy apepisiaaiup",15,0,0,0,0,0,0,0,0,0,0,0,0,0
aug_doc1_imagem_248.jpg,,,,,"Universidade Estadual de Campinas

YA
Eis

Sar

UNICAMP

CARTEIRA ESTUDANTIL
VALIDADE>

Dr. Gustave Camarnge

Doutorads",15,1,0,1,1,1,0,0,0,0,0,0,0,0
aug_doc1_imagem_124.jpg,,,,,"Universidade Estadual de Campinas

We
ee -""

UNICAMP

CARTEIRA ESTUDANTIL

VALIDADE:
Arthur Barros

Gradua????76",14,1,0,1,1,1,0,0,0,0,0,0,0,0
aug_doc1_imagem_169.jpg,958.0,248.0,115.0,115.0,"Universidade Estadual de Campinas

AYA

Fill

UNICAMP

CARTEIRA ESTUDANTIL
VALIDADE:

Carolina Rios

Gradua???26",13,1,0,1,1,1,0,0,0,0,0,0,0,0
aug_doc1_imagem_490.jpg,1148.0,256.0,140.0,140.0,"_s -

alshenetdeds Estadual de

sy
WZ

UNICAMP

CARTEIRBES TUDANTI.",10,0,0,1,0,1,0,0,0,0,0,0,0,0
aug_doc1_imagem_26.jpg,958.0,249.0,114.0,114.0,"Universidade Estadual de Campinas

AWS

Gg ba

UNICAMP

CARTEIRA ESTUDANTIL
VALIDADE:
Nathan Aparecida

Mestrado",14,1,0,1,1,1,0,0,0,0,0,0,0,0
aug_doc1_imagem_487.jpg,521.0,526.0,121.0,121.0,"Opdsjsoj\

SDIID4 D||EqQDs|
‘JQVAIIVA
TLINVGNLSA VHIFLYVO

AaWVIINnN

Pa Be
KS

seuidwies ap jenpe}sy apepisiaaiup)",14,0,0,0,0,0,0,0,0,0,0,0,0,0
aug_doc1_imagem_72.jpg,,,,,"s%
o.

UNICAMP

CARTEIRA ESTUDANTIL

VALIDADE;
Dante Carvalho

Mestrado",9,1,0,1,0,0,0,0,0,0,0,0,0,0
aug_doc1_imagem_226.jpg,65.0,1085.0,26.0,26.0,"OS ESEONPDID
4O}SDq4 Wog
‘JGVANVA
MWINVONLSA VHIFLYVS

aWVIINnN

Pe ees

ay

seuidwies ap jenpe}sy apepisiaaiuf)",15,0,0,0,0,0,0,0,0,0,0,0,0,0
aug_doc1_imagem_312.jpg,,,,,"s%
o.

UNICAMP

CARTEIRA ESTUDANTIL

VALIDADE;
Esther Machado

Mestrado",9,1,0,1,0,0,0,0,0,0,0,0,0,0
aug_doc1_imagem_105.jpg,,,,,"Universidade Estadual de Campinas

WV

oe""

UNICAMP

CARTEIRA ESTUDANTIL
VALIDADE:
Srta, B??rbara Fernandes

Mestrado",14,1,0,1,1,1,0,0,0,0,0,0,0,0
aug_doc1_imagem_67.jpg,958.0,249.0,114.0,114.0,"Universidade Estadual de Campinas

AWS

Gg ba

UNICAMP

CARTEIRA ESTUDANTIL
VALIDADE;

Emanuelly da Concei22226

Gradua??220",15,1,0,1,1,1,0,0,0,0,0,0,0,0
aug_doc1_imagem_231.jpg,64.0,1085.0,27.0,27.0,"Opd10}n0q

DjueWIg oblUpoy
‘JavanvaA

TMINVGNLSA VeISLYVoO

aWVvIINN

ame a
a

seuidwies ap jenpe}sy apepisiaaiup",14,0,0,0,0,0,0,0,0,0,0,0,0,0
aug_doc1_imagem_155.jpg,523.0,525.0,122.0,122.0,"OBeeEONPOD
ZN) OP edliv
avanva
TWINVONLSS VEISLYVo

AawWVoOINnN

an ate

KN

seuldwies ep jenpeysy epepisieniuy",15,0,0,0,0,0,0,0,0,0,0,0,0,0
aug_doc1_imagem_90.jpg,,,,,"s%
o.

UNICAMP

CARTEIRA ESTUDANTIL

VALIDADE;
J??lia da Rocha

Mestrado",10,1,0,1,0,0,0,0,0,0,0,0,0,0
aug_doc1_imagem_136.jpg,958.0,249.0,114.0,114.0,"Universidade Estadual de Campinas

AWS

Gg ba

UNICAMP

CARTEIRA ESTUDANTIL
VALIDADE;
Matteo Andrade

Mestrado",14,1,0,1,1,1,0,0,0,0,0,0,0,0
aug_doc1_imagem_382.jpg,522.0,550.0,117.0,117.0,"- -gavarr
JILNVONLSA VHIFLYt

AaWVIING[O
Ce Ne)

seuidweg ep jenpe}sy apepisseaiuf)

ee ee = =
Sage . sip cca dt ae <=
= = res
eg ee Te —s faite > --",32,0,0,0,0,0,0,0,0,0,0,0,0,0
aug_doc1_imagem_401.jpg,,,,,"s%
o.

UNICAMP

CARTEIRA ESTUDANTIL

VALIDADE;

Nat??lia Le??o

Gradua ?2?26",10,1,0,1,0,0,0,0,0,0,0,0,0,0
aug_doc1_imagem_33.jpg,521.0,525.0,122.0,122.0,"Opd10}N0g

BJ9}S0D ADU
‘AQVANVA
TWINVGNLSA VHISLYVS

aWVvIINn

Pe ees
ay

seuidwes ap jenpe}sy apepisiaaiup",14,0,0,0,0,0,0,0,0,0,0,0,0,0
aug_doc1_imagem_350.jpg,,,,,"s%
o.

UNICAMP

CARTEIRA ESTUDANTIL

VALIDADE;
Pedro Henrique Guerra

Gradua ?2?26",11,1,0,1,0,0,0,0,0,0,0,0,0,0
aug_doc1_imagem_175.jpg,,,,,"See

CARTEIRA ESTUDANTIL
VALIDADE;

UNICAMP

Henry Lopes

Gradua?@?2o",8,1,0,1,0,0,0,0,0,0,0,0,0,0
aug_doc1_imagem_246.jpg,958.0,249.0,114.0,114.0,"Universidade Estadual de Campinas

AWS

Gg ba

UNICAMP

CARTEIRA ESTUDANTIL
VALIDADE:
Sophie Cunha

Doutorado",14,1,0,1,1,1,0,0,0,0,0,0,0,0
aug_doc1_imagem_280.jpg,,,,,"Universidade Estadual de Campinas

WV

eo.

UNICAMP

CARTEIRA ESTUDANTIL

VALIDADE;
Brenda Peixoto

Mestrad@",13,1,0,1,1,1,0,0,0,0,0,0,0,0
aug_doc1_imagem_202.jpg,521.0,525.0,122.0,122.0,"Opdijso\

O18W 11241
‘AQVANVA
TWINVGNLSA VHISLYVS

aWVvIINn

Pe ees
ay

seuidwes ap jenpe}sy apepisiaaiup",14,0,0,0,0,0,0,0,0,0,0,0,0,0
aug_doc1_imagem_193.jpg,64.0,1085.0,27.0,27.0,"Opd10}n0q

SSPUudUIe 4 SDJOOIN

‘JQVaivA

TMINVGNLSA VeISLYVoO

aWVvIINN

ame a
a

seuidwies ap jenpe}sy apepisiaaiup",15,0,0,0,0,0,0,0,0,0,0,0,0,0
aug_doc1_imagem_478.jpg,521.0,525.0,122.0,122.0,"Opdijso\

p}S0D WOT
‘JGVONVA
TWINVGNLSA VHISLYVS

aWVvIINn

Pe ees
ay

seuidwes ap jenpe}sy apepisiaaiup",14,0,0,0,0,0,0,0,0,0,0,0,0,0
aug_doc1_imagem_83.jpg,,,,,"s%
o.

UNICAMP

CARTEIRA ESTUDANTIL

VALIDADE:
Esther Aparecida

Gradua ?2?26",10,1,0,1,0,0,0,0,0,0,0,0,0,0
aug_doc1_imagem_265.jpg,64.0,1085.0,27.0,27.0,"Opo4jsoy\

OVOXI9qg OUI|e/\ “OWS
‘JGVONVA

TMINVGNLSA VeISLYVoO

aWVvIINN

ame a
a

seuidwies ap jenpe}sy apepisiaaiup",15,0,0,0,0,0,0,0,0,0,0,0,0,0
aug_doc1_imagem_82.jpg,521.0,525.0,122.0,122.0,"Opd10}N0g

soly Dupor
‘JavanvaA
MWLINVGNLSA VHISLYVO

aWVvIINn

Pe ees
ay

seuidwes ap jenpe}sy apepisiaaiup",14,0,0,0,0,0,0,0,0,0,0,0,0,0
aug_doc1_imagem_15.jpg,521.0,525.0,122.0,122.0,"OS GSEONPOIO

QSOPIDD UlADyY
‘JavanvaA
MWLINVGNLSA VHISLYVO

aWVvIINn

Pe ees
ay

seuidwes ap jenpe}sy apepisiaaiup",15,0,0,0,0,0,0,0,0,0,0,0,0,0
aug_doc1_imagem_28.jpg,64.0,1085.0,27.0,27.0,"Opo4jsoy\

ouleqiy ounig
‘JavanvaA

TMINVGNLSA VeISLYVoO

aWVvIINN

ame a
a

seuidwies ap jenpe}sy apepisiaaiup",14,0,0,0,0,0,0,0,0,0,0,0,0,0
aug_doc1_imagem_364.jpg,958.0,249.0,114.0,114.0,"Universidade Estadual de Campinas

AWS

Gg ba

UNICAMP

CARTEIRA ESTUDANTIL
VALIDADE;
Igor Ribeiro

Gradua??220",14,1,0,1,1,1,0,0,0,0,0,0,0,0
aug_doc1_imagem_471.jpg,958.0,249.0,114.0,114.0,"Universidade Estadual de Campinas

AWS

Gg ba

UNICAMP

CARTEIRA ESTUDANTIL
VALIDADE;
Vitor Gabriel Rocha

Mestrado",15,1,0,1,1,1,0,0,0,0,0,0,0,0
aug_doc1_imagem_426.jpg,,,,,"AYA
Gp

UNICAMP

CARTEIRA ESTUDANTIL

VALIDADE;
Sra. Maria Isis Silva

Doutorado",11,1,0,1,0,0,0,0,0,0,0,0,0,0
aug_doc1_imagem_500.jpg,958.0,249.0,114.0,114.0,"Universidade Estadual de Campinas

AWS

Gg ba

UNICAMP

CARTEIRA ESTUDANTIL
VALIDADE:
Matheus Barros

Gradua??220",14,1,0,1,1,1,0,0,0,0,0,0,0,0
aug_doc1_imagem_413.jpg,,,,,"Wii nsk ce erent cnr ee eet

Set aaa
awe ” -
- — nce -

Universidade Estadual de Campinas

AYA

Fill

UNICAMP

CARTEIRA ESTUDANTIL
VALIDADE:
Raul Silva

Gradua????o",29,1,0,1,1,1,0,0,0,0,0,0,0,0
aug_doc1_imagem_346.jpg,64.0,1085.0,27.0,27.0,"Oeeeeonpo5
SEDAON soon]

‘JQVaivA

TMINVGNLSA VeISLYVoO

aWVvIINN

ame a
a

seuidwies ap jenpe}sy apepisiaaiup",14,0,0,0,0,0,0,0,0,0,0,0,0,0
aug_doc1_imagem_91.jpg,532.0,494.0,94.0,94.0,"BPO19)N0Q
SO|SSUGSSOA enbuuey orvojsny
OVANVA
TMINVaONLSA VEIaLYVvo

AaWVSINN

Pe A

ay

seurdueg ap jenpeysg epeprssaaiuy",15,0,0,0,0,0,0,0,0,0,0,0,0,0
aug_doc1_imagem_272.jpg,958.0,249.0,114.0,114.0,"Universidade Estadual de Campinas

AWS

Gg ba

UNICAMP

CARTEIRA ESTUDANTIL
VALIDADE;
Thales Melo

Doutorado",14,1,0,1,1,1,0,0,0,0,0,0,0,0
aug_doc1_imagem_404.jpg,,,,,"Universidade Estadual de Campinas

Me

a =""

UNICAMP

CARTEIRA ESTUDANTIL
VALIDADE;
Marcela da Cruz

Gradua???26",15,1,0,1,1,1,0,0,0,0,0,0,0,0
aug_doc1_imagem_204.jpg,521.0,525.0,122.0,122.0,"OS GSEONPOIO
Senbupoy osiojayH
‘JavanvaA
MWLINVGNLSA VHISLYVO

aWVvIINn

Pe ees
ay

seuidwes ap jenpe}sy apepisiaaiup",15,0,0,0,0,0,0,0,0,0,0,0,0,0
aug_doc1_imagem_156.jpg,958.0,249.0,114.0,114.0,"Universidade Estadual de Campinas

AWS

Gg ba

UNICAMP

CARTEIRA ESTUDANTIL
VALIDADE;
Eduarda da Paz

Gradua??220",15,1,0,1,1,1,0,0,0,0,0,0,0,0
aug_doc1_imagem_139.jpg,,,,,"s%
o.

UNICAMP

CARTEIRA ESTUDANTIL

VALIDADE;
Luiz Felipe Ge?26

Gradua ?2?26",11,1,0,1,0,0,0,0,0,0,0,0,0,0
aug_doc1_imagem_179.jpg,64.0,1085.0,27.0,27.0,"OBsee0NP019
Dplewuly oldiueg

‘JQVaIvA

TMINVGNLSA VeISLYVoO

aWVvIINN

ame a
a

seuidwies ap jenpe}sy apepisiaaiup",14,0,0,0,0,0,0,0,0,0,0,0,0,0
aug_doc1_imagem_386.jpg,958.0,249.0,114.0,114.0,"Universidade Estadual de Campinas

AWS

Gg ba

UNICAMP

CARTEIRA ESTUDANTIL
VALIDADE;
Matheus da Luz

Mestrado",15,1,0,1,1,1,0,0,0,0,0,0,0,0
aug_doc1_imagem_270.jpg,519.0,526.0,123.0,123.0,"Oezeionpos
Snbsenbnahy wog
JOVANVA

TWLINVONLSA VAISLHVO

AaWYvoInn

am Eee)
C7

seurdiueg ap jenpersy speprssanius)

(nly mapauatincnanaran testo ds PR as “+ Sa
aatitentn ae: One,

mr oop ee",28,0,0,0,0,0,0,0,0,0,0,0,0,0
aug_doc1_imagem_158.jpg,,,,,"s%
o.

UNICAMP

CARTEIRA ESTUDANTIL

VALIDADE:
Ravy Cavaleante

Mestrado",9,1,0,1,0,0,0,0,0,0,0,0,0,0
aug_doc1_imagem_80.jpg,521.0,525.0,122.0,122.0,"eee ON P01)
DISA Ajj|enuOW
‘AQVaIvA
TMINVGNLSA VeISLYVo

aWVvIINn

Pe ees
ay

seuidwes ap jenpe}sy apepisiaaiup",16,0,0,0,0,0,0,0,0,0,0,0,0,0
aug_doc1_imagem_461.jpg,126.0,489.0,28.0,28.0,"Universidade Estadual de Campinas

SY
e =

UNICAMP

CARTEIRA ESTUDANTIL
VALIDADE;
Jo??o0 Vitor Ramos

Gradua?#226",15,1,0,1,1,1,0,0,0,0,0,0,0,0
aug_doc1_imagem_315.jpg,957.0,249.0,116.0,116.0,"Universidade Estadual de Campinas

WA
Ete Sar

UNICAMP

CARTEIRA ESTUDANTIL
VALIDADE:
Ana Carolina Abreu

GCradua?@?2o",15,1,0,1,1,1,0,0,0,0,0,0,0,0
aug_doc1_imagem_54.jpg,526.0,494.0,98.0,98.0,"Opd10}N0g

OeeclOOUOD OP UOUION
‘Javanvwa
TMLINVGNLSA VeISLYVo

aWVvIINn

Pe ees
ay

seuidwes ap jenpe}sy apepisiaaiup",15,0,0,0,0,0,0,0,0,0,0,0,0,0
aug_doc1_imagem_237.jpg,958.0,249.0,114.0,114.0,"Universidade Estadual de Campinas

AWS

Gg ba

UNICAMP

CARTEIRA ESTUDANTIL
VALIDADE;

Lucca Rocha

Mestrado",14,1,0,1,1,1,0,0,0,0,0,0,0,0
aug_doc1_imagem_307.jpg,538.0,496.0,86.0,86.0,"@p0103n0g

enbuaenbnaly yoo;
‘JGVONVA
TLINVGNLSS VHISLYVO

aNVSINN

Pe AOA
ay

seuidwies ep jenpeysy epepissaniur)",14,0,0,0,0,0,0,0,0,0,0,0,0,0
aug_doc1_imagem_423.jpg,,,,,"s%
o.

UNICAMP

CARTEIRA ESTUDANTIL

VALIDADE;
Heloisa Pacheco

Mestrado",9,1,0,1,0,0,0,0,0,0,0,0,0,0
aug_doc1_imagem_472.jpg,,,,,"Universidade Estadual de Campinas

AYA

Fill

UNICAMP

CARTEIRA ESTUDANTIL
VALIDADE;

Lav??nia Sales

Doutorad6é",13,1,0,1,1,1,0,0,0,0,0,0,0,0
aug_doc1_imagem_458.jpg,1225.0,161.0,145.0,145.0,"iversidade Estadual de Campinas

aa) fal
a= ile%

UNICAMP

CARTEIRA ESTUDANTIL

VALIDADE:
Elo?? Alves

Gradua???2o",15,1,0,1,0,1,0,0,0,0,0,0,0,0
aug_doc1_imagem_449.jpg,958.0,249.0,114.0,114.0,"Universidade Estadual de Campinas

AWS

Gg ba

UNICAMP

CARTEIRA ESTUDANTIL
VALIDADE:
Aylla Azevedo

Mestrado",14,1,0,1,1,1,0,0,0,0,0,0,0,0
aug_doc1_imagem_262.jpg,64.0,1085.0,27.0,27.0,"Geewe ONP 015)
osnos DdI\Ay
‘JavanvaA

TMINVGNLSA VeISLYVoO

aWVvIINN

ame a
a

seuidwies ap jenpe}sy apepisiaaiup",16,0,0,0,0,0,0,0,0,0,0,0,0,0
aug_doc1_imagem_394.jpg,,,,,"Universidade Estadual de Campinas

VW

aE

UNICAMP

CARTEIRA ESTUDANTIL
VALIDADE:
Sra. Ana Luiza Barros

Gradua???76",15,1,0,1,1,1,0,0,0,0,0,0,0,0
aug_doc1_imagem_233.jpg,64.0,1085.0,27.0,27.0,"Oeeeeonpo5
0gge7 CUDIINe

‘JQVaIvA

TMINVGNLSA VeISLYVoO

aWVvIINN

ame a
a

seuidwies ap jenpe}sy apepisiaaiup",14,0,0,0,0,0,0,0,0,0,0,0,0,0
aug_doc1_imagem_271.jpg,64.0,1085.0,27.0,27.0,"Ogeee ONP01S
O38Y9D4q enbisuey ja09 US
‘JGVONVA

TMINVGNLSA VeISLYVoO

aWVvIINN

as ees
ay

seuidwies ap jenpe}sy apepisiaaiup",17,0,0,0,0,0,0,0,0,0,0,0,0,0
aug_doc1_imagem_486.jpg,958.0,249.0,114.0,114.0,"MY
oe.

UNICAMP

CARTEIRA ESTUDANTIL

VALIDADE;

Fernanda Novais

Gradua??220",9,1,0,1,0,0,0,0,0,0,0,0,0,0
aug_doc1_imagem_192.jpg,,,,,"Universidade Estadual de Campinas

RY
Eg Saar F

UNICAMP —

CARTEIRA ESTUDANTIL

VALI ee",14,1,0,1,1,1,0,0,0,0,0,0,0,0
aug_doc1_imagem_9.jpg,541.0,583.0,105.0,105.0,"@PD10}n0q

SUIPIOW 10}19H
‘JOVANVA
TLINVONLSA VHISLYVS

AaWVSINN

rn ahs
ay

seuidwies ap jenpejysy epepisueaiup",14,0,0,0,0,0,0,0,0,0,0,0,0,0
aug_doc1_imagem_120.jpg,,,,,"s%
o.

UNICAMP

CARTEIRA ESTUDANTIL

VALIDADE;
Luara da Mata

Mestrado",10,1,0,1,0,0,0,0,0,0,0,0,0,0
aug_doc1_imagem_102.jpg,521.0,525.0,122.0,122.0,"Opd10}N0g

Od2EY90q OSSI|O/\
‘JavanvaA
MWLINVGNLSA VHISLYVO

aWVvIINn

Pe ees
ay

seuidwes ap jenpe}sy apepisiaaiup",14,0,0,0,0,0,0,0,0,0,0,0,0,0
aug_doc1_imagem_38.jpg,958.0,249.0,114.0,114.0,"Universidade Estadual de Campinas

AWS

Gg ba

UNICAMP

CARTEIRA ESTUDANTIL
VALIDADE:
Luiz Felipe Marques

Mestrado",15,1,0,1,1,1,0,0,0,0,0,0,0,0
aug_doc1_imagem_132.jpg,64.0,1085.0,27.0,27.0,"Opo4jsoy\

SOjedu09sD/\ 0ZU9107

‘JQVaIvA

TMINVGNLSA VeISLYVoO

aWVvIINN

ame a
a

seuidwies ap jenpe}sy apepisiaaiup",14,0,0,0,0,0,0,0,0,0,0,0,0,0
aug_doc1_imagem_348.jpg,958.0,249.0,114.0,114.0,"Universidade Estadual de Campinas

AWS

Gg ba

UNICAMP

CARTEIRA ESTUDANTIL
VALIDADE:
Anthony Rodrigues

Mestrado",14,1,0,1,1,1,0,0,0,0,0,0,0,0
aug_doc1_imagem_496.jpg,523.0,523.0,124.0,124.0,"@pD10}N0G

0%¢2) Oj1U0G
‘Javanwa
TWLINVGNLSS VHISLYVO

aNVSINN

Pa ees
ay

seuidwies ep jenpeysy apepisseniu¢)",14,0,0,0,0,0,0,0,0,0,0,0,0,0
aug_doc1_imagem_266.jpg,526.0,494.0,98.0,98.0,"OS GSEONPOIO

SOjSduCoSD/ 019.4307
‘JavanvaA
MWLINVGNLSA VHISLYVO

aWVvIINn

Pe ees
ay

seuidwes ap jenpe}sy apepisiaaiup",15,0,0,0,0,0,0,0,0,0,0,0,0,0
aug_doc1_imagem_309.jpg,957.0,249.0,116.0,116.0,"Universidade Estadual de Campinas

WW
Diet

UNICAMP

CARTEIRA ESTUDANTIL

VALIDADE;
Sara Nunes

Gradua????6",13,1,0,1,1,1,0,0,0,0,0,0,0,0
aug_doc1_imagem_6.jpg,,,,,"fn

4ILNvanISA vuldluy

ete

~, daWVvIInn",6,0,0,0,0,0,0,0,0,0,0,0,0,0
aug_doc1_imagem_8.jpg,958.0,249.0,114.0,114.0,"Universidade Estadual de Campinas

AWS

Gg ba

UNICAMP

CARTEIRA ESTUDANTIL
VALIDADE:
Diogo Ribeiro

Mestrado",14,1,0,1,1,1,0,0,0,0,0,0,0,0
aug_doc1_imagem_429.jpg,66.0,1086.0,25.0,25.0,"eee ONPOJS)
4oysog obpiu)
“AGVONVA
TLINVONLSA VEISLYVO

AaWYVSINnN

au, GE
ay

seuidwie9 ap jenpeys3 epeprsieaiup",15,0,0,0,0,0,0,0,0,0,0,0,0,0
aug_doc1_imagem_110.jpg,,,,,"s%
o.

UNICAMP

CARTEIRA ESTUDANTIL

VALIDADE;
Ana Machado

Gradua ?2?26",10,1,0,1,0,0,0,0,0,0,0,0,0,0
aug_doc1_imagem_108.jpg,,,,,"s%
o.

UNICAMP

CARTEIRA ESTUDANTIL

VALIDADE;
Alana da Mata

Doutorado",10,1,0,1,0,0,0,0,0,0,0,0,0,0
aug_doc1_imagem_387.jpg,,,,,"niversidade Estadual de Campinas

Me
eG -""

UNICAMP

CARTEIRA ESTUDANTIL

VALIDADE;

Benicio C??mara

Gradua????6",14,1,0,1,0,1,0,0,0,0,0,0,0,0
aug_doc1_imagem_297.jpg,958.0,248.0,115.0,115.0,"Enel

UNICAMP

CARTEIRA ESTUDANTIL
VALIDADE:
Otto Azevedo

Vestradé",8,1,0,1,0,0,0,0,0,0,0,0,0,0
aug_doc1_imagem_201.jpg,64.0,1085.0,27.0,27.0,"aie ONP05)
apuezey duDj\|y
‘JQVaivA

TMINVGNLSA VeISLYVoO

aWVvIINN

ame a
a

seuidwies ap jenpe}sy apepisiaaiup",15,0,0,0,0,0,0,0,0,0,0,0,0,0
aug_doc1_imagem_96.jpg,958.0,249.0,114.0,114.0,"Universidade Estadual de Campinas

AWS

Gg ba

UNICAMP

CARTEIRA ESTUDANTIL
VALIDADE;
Bella Cardoso

Gradua??220",14,1,0,1,1,1,0,0,0,0,0,0,0,0
aug_doc1_imagem_292.jpg,521.0,524.0,124.0,124.0,"Opds}say\

og 161nq
‘AQVANVA
TMINVGNLSSA VHISLYV9D

AaWVIINN

wn Eas
ay

seuidwies ap jenpeysy apepisusaiup",14,0,0,0,0,0,0,0,0,0,0,0,0,0
aug_doc1_imagem_440.jpg,521.0,525.0,122.0,122.0,"OS GSEONPOIO

DSsoqiog opionpy
‘JavanvaA
MWLINVGNLSA VHISLYVO

aWVvIINn

Pe ees
ay

seuidwes ap jenpe}sy apepisiaaiup",15,0,0,0,0,0,0,0,0,0,0,0,0,0
aug_doc1_imagem_133.jpg,,,,,"Universidade Estadual de Campinas

ag (es

CARTEIRA ESTUDANTIL

VALIDADE:
Apollo S??

Gradua???20",12,1,0,0,1,1,0,0,0,0,0,0,0,0
aug_doc1_imagem_197.jpg,368.0,569.0,66.0,66.0,"Savana

~unvatttee VHISLYVO

aWwvoINn

Wy eye

as

seuidwueg ep jenpeys3 epepisseniuy)",11,0,0,0,0,0,0,0,0,0,0,0,0,0
aug_doc1_imagem_183.jpg,523.0,525.0,120.0,120.0,"9p010}N0G
SOUD4euA|aA5 “OLS
AavanvA
TLINVGNLSA VaISLYVvo

AaAWVIINN

au, GE
ay

seuidwies ap jenpeysy apepisuaaiup",14,0,0,0,0,0,0,0,0,0,0,0,0,0
aug_doc1_imagem_42.jpg,,,,,"s%
o.

UNICAMP

CARTEIRA ESTUDANTIL

VALIDADE;
Gustavo da Mota

Gradua ?2?26",11,1,0,1,0,0,0,0,0,0,0,0,0,0
aug_doc1_imagem_436.jpg,,,,,"Universidade Estadual de Campinas

AVA
Ga a

UNICAMP

CARTEIRA ESTUDANTIL

VALIDADE;

Sara Lima

Doutorado",14,1,0,1,1,1,0,0,0,0,0,0,0,0
aug_doc1_imagem_79.jpg,522.0,524.0,125.0,125.0,"poise

O1odwDS INE 210
‘JGVGNVA
TLINVGNLSA VHISLYVO

AaWVIINnN

Pe EOS
ay

seuidwes ap jenpe}sy apepisiaaiup",15,0,0,0,0,0,0,0,0,0,0,0,0,0
aug_doc1_imagem_497.jpg,326.0,553.0,51.0,51.0,"Opd10}nN0q

Claw yenbin Zin]
‘JavanvaA

TMINVONLSA VHISLYVO

aWNVIINN

ane AB
KN

seuidwies ap jenpeysy epepisiaaiup)",15,0,0,0,0,0,0,0,0,0,0,0,0,0
aug_doc1_imagem_252.jpg,526.0,494.0,98.0,98.0,"Opd10}N0g

gee 2!) OLOW
‘Javdanva
TMINVGNLSA VeISLYVo

aWVvIINn

Pe ees
ay

seuidwes ap jenpe}sy apepisiaaiup",15,0,0,0,0,0,0,0,0,0,0,0,0,0
aug_doc1_imagem_331.jpg,,,,,"Universidade Estadual de Bareipes

NB
=e aod

UNICAMP

CARTEIRA ESTUDANTIL

VALIDADE:
Hadassa Sales

Doutorado",14,1,0,1,1,1,0,0,0,0,0,0,0,0
aug_doc1_imagem_400.jpg,495.0,582.0,127.0,127.0,"JaValvA
TWLNVG anisa VuIa.LYVvO

Ss
ay

seuidweg ap jenpeys3 opeprsiontun",10,0,0,0,0,0,0,0,0,0,0,0,0,0
aug_doc1_imagem_351.jpg,522.0,526.0,121.0,121.0,"OfeE0NP019
pge0bo4 0667

‘Javanva

WLINVONLSA VHISLYVO

aWNVOINM

ame OS

ay

seuidwes ep jenpeysy apepissoniur)",14,0,0,0,0,0,0,0,0,0,0,0,0,0
aug_doc1_imagem_41.jpg,958.0,249.0,114.0,114.0,"MY
oe.

UNICAMP

CARTEIRA ESTUDANTIL

VALIDADE;

Giovanna Correia

Gradua??220",9,1,0,1,0,0,0,0,0,0,0,0,0,0
aug_doc1_imagem_84.jpg,64.0,1085.0,27.0,27.0,"Geewe ONP 015)
SeA2N SOP ObDdIUL
‘JavanvaA

TMINVGNLSA VeISLYVoO

aWVvIINN

ame a
a

seuidwies ap jenpe}sy apepisiaaiup",17,0,0,0,0,0,0,0,0,0,0,0,0,0
aug_doc1_imagem_352.jpg,,,,,"s%
o.

UNICAMP

CARTEIRA ESTUDANTIL

VALIDADE;

Lorena Oliveira

Mestrado",9,1,0,1,0,0,0,0,0,0,0,0,0,0
aug_doc1_imagem_355.jpg,521.0,525.0,122.0,122.0,"Opd10}N0g

SED4OW DIVIDED
‘AQVaINvA
TMLINVONLSA VHISLYVO

aWVvIINn

Pe ees
ay

seuidwes ap jenpe}sy apepisiaaiup",14,0,0,0,0,0,0,0,0,0,0,0,0,0
aug_doc1_imagem_44.jpg,521.0,525.0,122.0,122.0,"Opdijso\

DIIAIA SISEg
‘Javanva
TWINVGNLSA VHISLYVS

aWVvIINn

Pe ees
ay

seuidwes ap jenpe}sy apepisiaaiup",14,0,0,0,0,0,0,0,0,0,0,0,0,0
aug_doc1_imagem_57.jpg,65.0,1084.0,26.0,26.0,"posse;

SeDJOW UDUSy
“JQVAITVA
TLINVGNLSSA VaISLYVO

AaWV3INM

au, TE
KS

seuidwies ap jenpe}sy apepisiaaiup",14,0,0,0,0,0,0,0,0,0,0,0,0,0
aug_doc1_imagem_98.jpg,,,,,"s%
o.

UNICAMP

CARTEIRA ESTUDANTIL

VALIDADE:
Apollo Sales

Gradua ?2?26",10,1,0,1,0,0,0,0,0,0,0,0,0,0
aug_doc1_imagem_301.jpg,64.0,1085.0,27.0,27.0,"aie ONP05)
ZnuQ Op ojUeg
‘JQVaINvA

TMINVGNLSA VeISLYVoO

aWVvIINN

ame a
a

seuidwies ap jenpe}sy apepisiaaiup",16,0,0,0,0,0,0,0,0,0,0,0,0,0
aug_doc1_imagem_294.jpg,521.0,497.0,99.0,99.0,"ll ~) Savanva

WNVaNIsa VHISLYVO

ae AaNVIINN

“ ens aes
ar

seuidwieg ep jenpeys3 apepisioniup",15,0,0,0,0,0,0,0,0,0,0,0,0,0
aug_doc1_imagem_445.jpg,521.0,525.0,122.0,122.0,"OS GSEONPOIO

OSOPIDD jaigoy anuyyy
‘JGVONVA
TWINVGNLSA VHISLYVS

aWVvIINn

Pe ees
ay

seuidwes ap jenpe}sy apepisiaaiup",16,0,0,0,0,0,0,0,0,0,0,0,0,0
aug_doc1_imagem_153.jpg,523.0,525.0,123.0,123.0,"OegeeONpoid

PAIS 0/215905
JQVINVA
WLINVONLSA VEISLYVO

aWVOINN

a Ee:
ay

seuldwes ep jenpeysy epepissoniuy)

het suunnmemionmnenn Madge epee IP ay ey:
a cl

po pe tan",26,0,0,0,0,0,0,0,0,0,0,0,0,0
aug_doc1_imagem_338.jpg,68.0,448.0,55.0,55.0,"INvaniss
- > aNwvowmr

F aN
as

—_—— ep jenpeysy a",11,0,0,0,0,0,0,0,0,0,0,0,0,0
aug_doc1_imagem_397.jpg,64.0,1085.0,27.0,27.0,"OSE ONPOIO
SOWDY OZIN] DD)

‘JaQVaivA

TMINVGNLSA VeISLYVoO

aWVvIINN

ame a
a

seuidwies ap jenpe}sy apepisiaaiup",16,0,0,0,0,0,0,0,0,0,0,0,0,0
aug_doc1_imagem_323.jpg,64.0,1085.0,27.0,27.0,"Opo4jsoy\

BUISA|IS SDONq Oped 4g
‘JQVaINvA

TMINVGNLSA VeISLYVoO

aWVvIINN

ame a
a

seuidwies ap jenpe}sy apepisiaaiup",16,0,0,0,0,0,0,0,0,0,0,0,0,0
aug_doc1_imagem_36.jpg,521.0,525.0,122.0,122.0,"Opd10}N0g

Zn4ag Op OULLOW
‘JGVONVA
TWINVGNLSA VHISLYVS

aWVvIINn

Pe ees
ay

seuidwes ap jenpe}sy apepisiaaiup",15,0,0,0,0,0,0,0,0,0,0,0,0,0
aug_doc1_imagem_14.jpg,526.0,494.0,98.0,98.0,"Opdijso\

OpsspW) OpuduUis4 DD\
‘JavanvaA
MWLINVGNLSA VHISLYVO

aWVvIINn

Pe ees
ay

seuidwes ap jenpe}sy apepisiaaiup",15,0,0,0,0,0,0,0,0,0,0,0,0,0
aug_doc1_imagem_25.jpg,535.0,500.0,88.0,88.0,"QaeeONPo4
OUDIssOg uUiWDfuag
Javanva
TLINVONLSA VEISLYVO

aWNVIINN

Pe Ae

ay

seuldwes ep jenpejsy apepissaaiup",14,0,0,0,0,0,0,0,0,0,0,0,0,0
aug_doc1_imagem_425.jpg,521.0,524.0,122.0,122.0,"O@pd4jsa\\

DPlewy Ogee OUy ~O.Q
avanva
TINVONLSS VHISLYVOS

AaWVIINN

au, OE

ay

seuidwieg ap jenpeysy apepisueaiuf",16,0,0,0,0,0,0,0,0,0,0,0,0,0
aug_doc1_imagem_186.jpg,974.0,190.0,141.0,141.0,"Universidade Estadual de Campinas

My
a Uy,
z. Natl a",10,0,0,0,1,1,0,0,0,0,0,0,0,0
aug_doc1_imagem_293.jpg,,,,,"ECRETNEAE Sg IREEAIE aes ace eee cena immer

lie aptniteechs oan etiam ad

Universidade Estadual de Campinas

AVA
Fil

UNICAMP

CARTEIRA ESTUDANTIL
VALIDADE:
Dr. Lucas Gabriel Gomes

Gradua????o",28,1,0,1,1,1,0,0,0,0,0,0,0,0
aug_doc1_imagem_68.jpg,64.0,1085.0,27.0,27.0,"Geewe ONP 015)
Zn4g, ep A\jeqos|
‘JavanvaA

TMINVGNLSA VeISLYVoO

aWVvIINN

ame a
a

seuidwies ap jenpe}sy apepisiaaiup",17,0,0,0,0,0,0,0,0,0,0,0,0,0
aug_doc1_imagem_216.jpg,521.0,525.0,122.0,122.0,"OS GSEONPOIO

Oyod ja1uDg
‘JavanvaA
MWLINVGNLSA VHISLYVO

aWVvIINn

Pe ees
ay

seuidwes ap jenpe}sy apepisiaaiup",15,0,0,0,0,0,0,0,0,0,0,0,0,0
aug_doc1_imagem_399.jpg,,,,,"s%
o.

UNICAMP

CARTEIRA ESTUDANTIL

VALIDADE;
Miguel S?%

Gradua ?2?26",10,1,0,1,0,0,0,0,0,0,0,0,0,0
aug_doc1_imagem_75.jpg,521.0,525.0,122.0,122.0,"Opd10}N0g

e¢ebdsy UDN]
‘JavanvaA
TMLINVONLSA VHISLYVO

aWVvIINn

Pe ees
ay

seuidwes ap jenpe}sy apepisiaaiup",14,0,0,0,0,0,0,0,0,0,0,0,0,0
aug_doc1_imagem_49.jpg,,,,,"Universidade Estadual de Campinas

WW

o.

UNICAMP

CARTEIRA ESTUDANTIL
VALIDADE:
Joana Pimenta

Mestradé",13,1,0,1,1,1,0,0,0,0,0,0,0,0
aug_doc1_imagem_275.jpg,327.0,552.0,51.0,51.0,"OBseEONPLIO
Se@|OS ejosy
avanva

TMINVONLS| VeIaLYVvo

aWNVOINN

ane ees
KN

seuldiueg ep jenpeysy epepisiequs)",14,0,0,0,0,0,0,0,0,0,0,0,0,0
aug_doc1_imagem_219.jpg,350.0,529.0,62.0,62.0,"aciuees
— Favariwa

TWLINVGNLSA VaIFLYVo

 awvoiInn

am,

__

oe ap jenpeisy consents
in",13,0,0,0,0,0,0,0,0,0,0,0,0,0
aug_doc1_imagem_377.jpg,990.0,252.0,148.0,148.0,"a ans ne 3 =
- oh oe — ech 4
SS Ne

Universidade Estadual de Campinas

s%

CaF

UNICAMP

§
a

CARTEIRA ESTUDANTIL
VALIDADE;
$8",26,1,0,1,1,1,0,0,0,0,0,0,0,0
aug_doc1_imagem_184.jpg,,,,,"Universidade Estadual de Campinas

WW,

Dil

UNICAMP

CARTEIRA ESTUDANTIL
VALIDADE:
Maria Flor Vieira

Gradua?9776",14,1,0,1,1,1,0,0,0,0,0,0,0,0
aug_doc1_imagem_173.jpg,521.0,525.0,122.0,122.0,"Opd10}N0g

obsowno) uphkig
‘JavanvaA
MWLINVGNLSA VHISLYVO

aWVvIINn

Pe ees
ay

seuidwes ap jenpe}sy apepisiaaiup",14,0,0,0,0,0,0,0,0,0,0,0,0,0
aug_doc1_imagem_55.jpg,958.0,249.0,114.0,114.0,"Universidade Estadual de Campinas

AWS

Gg ba

UNICAMP

CARTEIRA ESTUDANTIL
VALIDADE:
Apollo Mendes

Mestrado",14,1,0,1,1,1,0,0,0,0,0,0,0,0
aug_doc1_imagem_314.jpg,,,,,"s%
o.

UNICAMP

CARTEIRA ESTUDANTIL

VALIDADE;
Pedro Henrique Pires

Gradua ?2?26",11,1,0,1,0,0,0,0,0,0,0,0,0,0
aug_doc1_imagem_224.jpg,,,,,"AYA
Gp

UNICAMP

CARTEIRA ESTUDANTIL

VALIDADE;

Lav??nia Gon??alves

Gradua ?2?26",10,1,0,1,0,0,0,0,0,0,0,0,0,0
aug_doc1_imagem_353.jpg,64.0,1085.0,27.0,27.0,"OBese0NPO9
Opesoy\ Ojlny
‘JGVONVA

TMINVGNLSA VeISLYVoO

aWVvIINN

ame a
a

seuidwies ap jenpe}sy apepisiaaiup",14,0,0,0,0,0,0,0,0,0,0,0,0,0
aug_doc1_imagem_457.jpg,534.0,496.0,88.0,88.0,"99D 10}N0G

Soulog 0jjouojuy
AGVANVA
TWLNVGNLSS VAISLYV9

AaWYVSINN

a
as

seuidwed ap jenpeys3 epepisienius)",14,0,0,0,0,0,0,0,0,0,0,0,0,0
aug_doc1_imagem_403.jpg,958.0,249.0,114.0,114.0,"Universidade Estadual de Campinas

AWS

Gg ba

UNICAMP

CARTEIRA ESTUDANTIL
VALIDADE:
Valentina Machado,

Gradua??220",14,1,0,1,1,1,0,0,0,0,0,0,0,0
aug_doc1_imagem_76.jpg,,,,,"s%
o.

UNICAMP

CARTEIRA ESTUDANTIL

VALIDADE:
Lucca Nogueira

Gradua ?2?26",10,1,0,1,0,0,0,0,0,0,0,0,0,0
aug_doc1_imagem_448.jpg,535.0,498.0,83.0,83.0,"@p0s}s2);

SeNjOEZUCS saDuusH O10Se
JGVONVA
TWLINVGONLSS VAIS LYV9

aWvSInNnN

a @&

KS

seuidwe) ap jenpeisy epeprsussiuy)",16,0,0,0,0,0,0,0,0,0,0,0,0,0
aug_doc1_imagem_470.jpg,64.0,1085.0,27.0,27.0,"OBese0NPO9
SD}214 O1eg08D O10

‘JQVaINvA

TMINVGNLSA VeISLYVoO

aWVvIINN

ame a
a

seuidwies ap jenpe}sy apepisiaaiup",15,0,0,0,0,0,0,0,0,0,0,0,0,0
aug_doc1_imagem_339.jpg,,,,,"Universidade Estadual de Campinas

AYA

Fill

UNICAMP

CARTEIRA ESTUDANTIL
VALIDADE:

Th??0 das Neves

Gradua???26",14,1,0,1,1,1,0,0,0,0,0,0,0,0
aug_doc1_imagem_311.jpg,,,,,"Universidade Estadual de Campinas

AY
CDi

UNICAMP

CARTEIRA ESTUDANTIL
VALIDADE:

Diogo Fernandes

Mestrad6",13,1,0,1,1,1,0,0,0,0,0,0,0,0
aug_doc1_imagem_385.jpg,524.0,634.0,116.0,116.0,"— oggee0nPo49
Zog Op embisueH 1999

Javanva
FLLNVGONLSA VWaISLYVO

lal as EO

epuiduie4 ap jenpelsa epepisisAlus",16,0,0,0,0,0,0,0,0,0,0,0,0,0
aug_doc1_imagem_319.jpg,958.0,249.0,114.0,114.0,"Universidade Estadual de Campinas

AWS

Gg ba

UNICAMP

CARTEIRA ESTUDANTIL
VALIDADE;
Davi Luiz Lopes

Mestrado",15,1,0,1,1,1,0,0,0,0,0,0,0,0
aug_doc1_imagem_228.jpg,958.0,249.0,114.0,114.0,"Universidade Estadual de Campinas

AWS

Gg ba

UNICAMP

CARTEIRA ESTUDANTIL
VALIDADE;
Pedro Henrique Cardoso

Mestrado",15,1,0,1,1,1,0,0,0,0,0,0,0,0
aug_doc1_imagem_260.jpg,1230.0,145.0,89.0,89.0,"7 TEMIA ESTUDANTI

DA DE
MoritEenneg! ?

Doutorag",8,0,0,0,0,0,0,0,0,0,0,0,0,0
aug_doc1_imagem_16.jpg,521.0,531.0,136.0,136.0,"gavanva
+LNva anisa VuIaLYVO

aINwoge:

as es
LAS

seuidwieg ap jenpeysy apepisieniup",12,0,0,0,0,0,0,0,0,0,0,0,0,0
aug_doc1_imagem_141.jpg,526.0,494.0,98.0,98.0,"Opdijso\

DYSOD YOIODS
‘JQVONVA
TWINVGNLSA VHISLYVS

aWVvIINn

Pe ees
ay

seuidwes ap jenpe}sy apepisiaaiup",14,0,0,0,0,0,0,0,0,0,0,0,0,0
aug_doc1_imagem_335.jpg,526.0,494.0,98.0,98.0,"Opdijso\

OU|DAIDD ZiujDEeg DUY
‘JGVONVA
TWINVGNLSA VHISLYVS

aWVvIINn

Pe ees
ay

seuidwes ap jenpe}sy apepisiaaiup",15,0,0,0,0,0,0,0,0,0,0,0,0,0
aug_doc1_imagem_109.jpg,,,,,"s%
o.

UNICAMP

CARTEIRA ESTUDANTIL

VALIDADE;

Liz Fernandes

Doutorado",9,1,0,1,0,0,0,0,0,0,0,0,0,0
aug_doc1_imagem_177.jpg,326.0,553.0,51.0,51.0,"Opo4jsay

BIDIDH 1Ae7
Javanva

TMINVONLSA VHISLYVO

aWNVIINN

ane AB
KN

seuidwies ap jenpeysy epepisiaaiup)",14,0,0,0,0,0,0,0,0,0,0,0,0,0
aug_doc1_imagem_117.jpg,521.0,525.0,122.0,122.0,"OS GSEONPOIO

pu] {6013
‘Javanva
TMLINVGNLSA VeISLYVo

aWVvIINn

Pe ees
ay

seuidwes ap jenpe}sy apepisiaaiup",15,0,0,0,0,0,0,0,0,0,0,0,0,0
aug_doc1_imagem_439.jpg,568.0,629.0,138.0,138.0,"OPdAjsoj\

SOWUDS JO}9}4
‘JQVaNWA
TWINVGALSS VHILYVO

AWVSINN

Pe

NS

seuidwes ap lenpeys3 epepisianiun",13,0,0,0,0,0,0,0,0,0,0,0,0,0
aug_doc1_imagem_427.jpg,758.0,805.0,30.0,30.0,"Universidade Estadual de Campinas

MB
m7 (an a
qe “= /,

UNICAMP

CARTEIRA ESTU DANT Ws

et",17,0,0,1,1,1,0,0,0,0,0,0,0,0
aug_doc1_imagem_409.jpg,521.0,525.0,122.0,122.0,"Opdijso\

SoNeN sop obo,
‘JGVONVA
MWLINVGNLSA VHISLYVO

aWVvIINn

Pe ees
ay

seuidwes ap jenpe}sy apepisiaaiup",15,0,0,0,0,0,0,0,0,0,0,0,0,0
aug_doc1_imagem_347.jpg,478.0,568.0,120.0,120.0,"Opd4jSey

SO/y sr
WLINVONLSA ¥e

AMWVWOIINTT

wa &
ARS

seuiduiea ep jenpeisy epepisise4ius)",13,0,0,0,0,0,0,0,0,0,0,0,0,0
aug_doc1_imagem_356.jpg,64.0,1085.0,27.0,27.0,"Opo4jsoy\

ogeboiy Ang

‘JaQVaIvA

TMINVGNLSA VeISLYVoO

aWVvIINN

ame a
a

seuidwies ap jenpe}sy apepisiaaiup",14,0,0,0,0,0,0,0,0,0,0,0,0,0
aug_doc1_imagem_277.jpg,,,,,"s%
o.

UNICAMP

CARTEIRA ESTUDANTIL

VALIDADE;

Ben??cio Fernandes

Mestrado",9,1,0,1,0,0,0,0,0,0,0,0,0,0
aug_doc1_imagem_107.jpg,64.0,1085.0,27.0,27.0,"Opo4jsoy\

Dilenborxy ozinq Duy

‘JQVaivA

TMINVGNLSA VeISLYVoO

aWVvIINN

ame a
a

seuidwies ap jenpe}sy apepisiaaiup",15,0,0,0,0,0,0,0,0,0,0,0,0,0
aug_doc1_imagem_446.jpg,,,,,"s%
o.

UNICAMP

CARTEIRA ESTUDANTIL

VALIDADE:
Yago Porto

Gradua ?2?26",10,1,0,1,0,0,0,0,0,0,0,0,0,0
aug_doc1_imagem_366.jpg,50.0,1240.0,31.0,31.0,"- e_4 vara
WINVGONLSS VHIFLYVO

= B AMWVVJIINGT (BERD
A an ee
7

seuiduieg ep jenpeisy epeprsianiuy)",17,0,0,0,0,0,0,0,0,0,0,0,0,0
aug_doc1_imagem_78.jpg,957.0,249.0,114.0,114.0,"Universidade Estadual de Campinas

ea =""

UNICAMP

CARTEIRA ESTUDANTIL
VALIDADE:
Davi Lucca Correia

Gradua???26",14,1,0,1,1,1,0,0,0,0,0,0,0,0
aug_doc1_imagem_451.jpg,526.0,494.0,98.0,98.0,"OS GSEONPOIO

S8AaeN SOp ounig
‘JGVONVA
TWINVGNLSA VHISLYVS

aWVvIINn

Pe ees
ay

seuidwes ap jenpe}sy apepisiaaiup",16,0,0,0,0,0,0,0,0,0,0,0,0,0
aug_doc1_imagem_491.jpg,524.0,526.0,122.0,122.0,"OPbio}N0q

BPUDIH) DSOH O1\¢,.4009
avanva
WINVOALSA VElaLYVO

aWVOINN

ane aes)

KN

seuldwieg ep jenpeysg epepssienjuf)",15,0,0,0,0,0,0,0,0,0,0,0,0,0
aug_doc1_imagem_127.jpg,325.0,553.0,51.0,51.0,"Oeee@20npo15
DHepiOQuow. 211) Ouy
Javanwa
TWLINVGNLSSA VHISLYV9

aWVvSInNnN

an as

KN

seuidwieg ep jenpeys3 epepissaniuy)

~ —a Ligh",18,0,0,0,0,0,0,0,0,0,0,0,0,0
aug_doc1_imagem_362.jpg,,,,,"s%
o.

UNICAMP

CARTEIRA ESTUDANTIL

VALIDADE:
Bryan Moraes

Mestrado",9,1,0,1,0,0,0,0,0,0,0,0,0,0
aug_doc1_imagem_412.jpg,958.0,249.0,114.0,114.0,"Universidade Estadual de Campinas

AWS

Gg ba

UNICAMP

CARTEIRA ESTUDANTIL
VALIDADE;
Enzo Gabriel Fonseca

Doutorado",15,1,0,1,1,1,0,0,0,0,0,0,0,0
aug_doc1_imagem_81.jpg,,,,,"s%
o.

UNICAMP

CARTEIRA ESTUDANTIL

VALIDADE;

Isaque Mendon??a

Gradua ?2?26",10,1,0,1,0,0,0,0,0,0,0,0,0,0
aug_doc1_imagem_398.jpg,64.0,1085.0,27.0,27.0,"Opd10}n0q

DII9119 4 OSAD\

‘JQVaIvA

TMINVGNLSA VeISLYVoO

aWVvIINN

ame a
a

seuidwies ap jenpe}sy apepisiaaiup",15,0,0,0,0,0,0,0,0,0,0,0,0,0
aug_doc1_imagem_433.jpg,535.0,499.0,85.0,85.0,"9p010}N0G

BYUND enbisue}y; OAD}sN5

‘Javanva
TINVONLSS VaISLYV9d

AaWVIINN

av, 2S
as

seurdwes ap jenpeys3 epepisiaviuf,",15,0,0,0,0,0,0,0,0,0,0,0,0,0
aug_doc1_imagem_171.jpg,64.0,1085.0,27.0,27.0,"Opd10}n0q

DJlsnbig Cuno] OUOW

‘JaQVaivA

TMINVGNLSA VeISLYVoO

aWVvIINN

ame a
a

seuidwies ap jenpe}sy apepisiaaiup",15,0,0,0,0,0,0,0,0,0,0,0,0,0
aug_doc1_imagem_61.jpg,64.0,1085.0,27.0,27.0,"Opd10}n0q

SEDAON CUDDY

‘JQVaIvA

TMINVGNLSA VeISLYVoO

aWVvIINN

ame a
a

seuidwies ap jenpe}sy apepisiaaiup",14,0,0,0,0,0,0,0,0,0,0,0,0,0
aug_doc1_imagem_170.jpg,,,,,"s%
o.

UNICAMP

CARTEIRA ESTUDANTIL

VALIDADE;

Jo??0 da Cunha

Mestrado",10,1,0,1,0,0,0,0,0,0,0,0,0,0
aug_doc1_imagem_255.jpg,64.0,1085.0,27.0,27.0,"Opd10}n0q

4OYSD |al4Go9
‘JavanvaA

TMINVGNLSA VeISLYVoO

aWVvIINN

ame a
a

seuidwies ap jenpe}sy apepisiaaiup",14,0,0,0,0,0,0,0,0,0,0,0,0,0
aug_doc1_imagem_168.jpg,533.0,498.0,89.0,89.0,"Op010}10G

TWLNVGNLSS VAISLYV9D

aWYvSINNO

aw, 95

KS",7,0,0,0,0,0,0,0,0,0,0,0,0,0
aug_doc1_imagem_384.jpg,64.0,1085.0,27.0,27.0,"Opd10}n0q

DUSOY op jenbiyy) cupag
‘JavanvaA

TMINVGNLSA VeISLYVoO

aWVvIINN

ame a
a

seuidwies ap jenpe}sy apepisiaaiup",16,0,0,0,0,0,0,0,0,0,0,0,0,0
aug_doc1_imagem_40.jpg,,,,,"s%
o.

UNICAMP

CARTEIRA ESTUDANTIL

VALIDADE;
Theodoro Mendes

Gradua ?2?26",10,1,0,1,0,0,0,0,0,0,0,0,0,0
aug_doc1_imagem_234.jpg,,,,,"s ee avai
WINVGALSA Vela

aWYVSINN

seuidwes ep jenpeys3 epepisie",10,0,0,0,0,0,0,0,0,0,0,0,0,0
aug_doc1_imagem_282.jpg,64.0,1085.0,27.0,27.0,"Opo4jsoy\

Olé g0ay O|jouojUY

‘JQVaNvA

TMINVGNLSA VeISLYVoO

aWVvIINN

ame a
a

seuidwies ap jenpe}sy apepisiaaiup",15,0,0,0,0,0,0,0,0,0,0,0,0,0
aug_doc1_imagem_20.jpg,,,,,"s%
o.

UNICAMP

CARTEIRA ESTUDANTIL

VALIDADE;
Erick Lopes

Doutorado",9,1,0,1,0,0,0,0,0,0,0,0,0,0
aug_doc1_imagem_174.jpg,958.0,249.0,114.0,114.0,"Universidade Estadual de Campinas

AWS

Gg ba

UNICAMP

CARTEIRA ESTUDANTIL
VALIDADE;
Sra. Catarina Marques

Doutorado",15,1,0,1,1,1,0,0,0,0,0,0,0,0
aug_doc1_imagem_407.jpg,,,,,"s%
o.

UNICAMP

CARTEIRA ESTUDANTIL

VALIDADE;

Rebeca Ferreira

Gradua ?2?26",10,1,0,1,0,0,0,0,0,0,0,0,0,0
aug_doc1_imagem_130.jpg,958.0,249.0,114.0,114.0,"MY
oe.

UNICAMP

CARTEIRA ESTUDANTIL

VALIDADE;

Davi Lucas Vieira

Gradua??220",10,1,0,1,0,0,0,0,0,0,0,0,0,0
aug_doc1_imagem_93.jpg,958.0,249.0,114.0,114.0,"Universidade Estadual de Campinas

AWS

Gg ba

UNICAMP

CARTEIRA ESTUDANTIL
VALIDADE;
Agatha Garcia

Gradua??220",14,1,0,1,1,1,0,0,0,0,0,0,0,0
aug_doc1_imagem_244.jpg,959.0,248.0,115.0,115.0,"""thantiee gat
AVA
ell

UNICAMP

CARTEIRA ESTUDANTIL
VALIDADE;

Sr. Caio Ries

Gradua?#?2o6",12,1,0,1,0,0,0,0,0,0,0,0,0,0
aug_doc1_imagem_310.jpg,66.0,1085.0,27.0,27.0,"Op010}N0g
DIDID5) .O9SINU014 4g
AGVANVA

MWLINVGNLSSA VAIS LYVO

aNVIINN

Pee’ Ee

ay

seuidwies ap jenpeysy epepisuaniuy)",16,0,0,0,0,0,0,0,0,0,0,0,0,0
aug_doc1_imagem_273.jpg,,,,,"AYA
Gp

UNICAMP

CARTEIRA ESTUDANTIL

VALIDADE;

Mirella Gon??alves

Mestrado",9,1,0,1,0,0,0,0,0,0,0,0,0,0
aug_doc1_imagem_475.jpg,64.0,1085.0,27.0,27.0,"Opd10}n0q

DYOOY DP sd1ND|9
‘JavanvaA

TMINVGNLSA VeISLYVoO

aWVvIINN

ame a
a

seuidwies ap jenpe}sy apepisiaaiup",15,0,0,0,0,0,0,0,0,0,0,0,0,0
aug_doc1_imagem_200.jpg,958.0,249.0,114.0,114.0,"Universidade Estadual de Campinas

AWS

Gg ba

UNICAMP

CARTEIRA ESTUDANTIL
VALIDADE;

Dante Dias

Mestrado",14,1,0,1,1,1,0,0,0,0,0,0,0,0
aug_doc1_imagem_164.jpg,958.0,249.0,114.0,114.0,"Universidade Estadual de Campinas

AWS

Gg ba

UNICAMP

CARTEIRA ESTUDANTIL
VALIDADE:
Sr. lsaquéls@tes

Mestrado",14,1,0,1,1,1,0,0,0,0,0,0,0,0
aug_doc1_imagem_18.jpg,521.0,525.0,122.0,122.0,"OpoJ0jnog

O4}S05 Janbiy snyysy
JQVANvA
WLINVGNLSA VUIFLYVo

AawWVvIINN

| | aw, 25

seujdwies ep jenpeysy epepisieniuy)

sequined ties

LTTE NDA AORN i A IT Fst te neil,
i a cal",30,0,0,0,0,0,0,0,0,0,0,0,0,0
aug_doc1_imagem_99.jpg,521.0,525.0,122.0,122.0,"Opd10}N0g

SoUNN sneyio;\
‘Javanva
MWLINVGNLSA VHISLYVO

aWVvIINn

Pe ees
ay

seuidwes ap jenpe}sy apepisiaaiup",14,0,0,0,0,0,0,0,0,0,0,0,0,0
aug_doc1_imagem_359.jpg,64.0,1085.0,27.0,27.0,"aie ONP05)
DIesIOD ODpUsig

‘JQVaivA

TMINVGNLSA VeISLYVoO

aWVvIINN

ame a
a

seuidwies ap jenpe}sy apepisiaaiup",15,0,0,0,0,0,0,0,0,0,0,0,0,0
aug_doc1_imagem_379.jpg,521.0,525.0,122.0,122.0,"Opd10}N0g

DHOAIS OIAO
‘Javanvwa
TMLINVGNLSA VeISLYVo

aWVvIINn

Pe ees
ay

seuidwes ap jenpe}sy apepisiaaiup",14,0,0,0,0,0,0,0,0,0,0,0,0,0
aug_doc1_imagem_371.jpg,,,,,"Universidade Estadual de Campinas

MW
== al

UNICAMP ie a.

CARTEIRA ESTUDANTIL

VALIDADE;
Maria Helena Costela

Gradua?a?2o6",17,1,0,1,1,1,0,0,0,0,0,0,0,0
aug_doc1_imagem_408.jpg,600.0,524.0,127.0,127.0,"- -aQvanWA
AWANYONISa Wea Le

eV AINN

a~... N=
“~aS

seurdwies ap jenperysy epepisian",14,0,0,0,0,0,0,0,0,0,0,0,0,0
aug_doc1_imagem_419.jpg,958.0,247.0,116.0,116.0,"Universidade Estadual de Campinas

VA
ap =

UNICAMP

CARTEIRA ESTUDANTIL
VALIDADE

Jo??0 Gabriel da Paz

Mestrad@",16,1,1,1,1,1,0,0,0,0,0,0,0,0
aug_doc1_imagem_405.jpg,958.0,249.0,114.0,114.0,"Universidade Estadual de Campinas

AWS

Gg ba

UNICAMP

CARTEIRA ESTUDANTIL
VALIDADE;
Luara Lopes

Mestrado",14,1,0,1,1,1,0,0,0,0,0,0,0,0
aug_doc1_imagem_299.jpg,958.0,249.0,114.0,114.0,"Universidade Estadual de Campinas

AWS

Gg ba

UNICAMP

CARTEIRA ESTUDANTIL
VALIDADE;

Isaque Marques

Gradua??220",14,1,0,1,1,1,0,0,0,0,0,0,0,0
aug_doc1_imagem_230.jpg,522.0,524.0,123.0,123.0,"9Ppos}s5/\
DYUN|EDIIN] 10g

avanwa
LNVGNLS3 WHILYYO

aWYvSINNO",7,0,0,0,0,0,0,0,0,0,0,0,0,0
aug_doc1_imagem_39.jpg,521.0,525.0,122.0,122.0,"Opd10}N0g

SDIG edie4 ZN] 4G
‘Javanva
TWINVGNLSA VHISLYVS

aWVvIINn

Pe ees
ay

seuidwes ap jenpe}sy apepisiaaiup",16,0,0,0,0,0,0,0,0,0,0,0,0,0
aug_doc1_imagem_391.jpg,1098.0,231.0,119.0,119.0,"Universidade Estadual de Campinas
NZ,
BB as

UNICAMP ra
Get

CARTEIRA ESTUDANTIL
VALIDADE:",13,1,0,1,1,1,0,0,0,0,0,0,0,0
aug_doc1_imagem_70.jpg,,,,,"Universidade Estadual de Campinas

WW

Fill

UNICAMP

CARTEIRA ESTUDANTIL
VALIDADE;
Srta. Ana Julia C?2mara

Gradua???20",15,1,0,1,1,1,0,0,0,0,0,0,0,0
aug_doc1_imagem_125.jpg,,,,,"s%
o.

UNICAMP

CARTEIRA ESTUDANTIL

VALIDADE;
Diogo Rios

Mestrado",9,1,0,1,0,0,0,0,0,0,0,0,0,0
aug_doc1_imagem_32.jpg,,,,,"Universidade Estadual de Campinas

AV
Ad ar

UNICAMP

CARTEIRA ESTUDANTIL

VALIDADE:
Daniela Melo

Doutorado",14,1,0,1,1,1,0,0,0,0,0,0,0,0
aug_doc1_imagem_320.jpg,,,,,"s%
o.

UNICAMP

CARTEIRA ESTUDANTIL

VALIDADE;

Helena Foga??a

Gradua ?2?26",10,1,0,1,0,0,0,0,0,0,0,0,0,0
aug_doc1_imagem_276.jpg,521.0,525.0,122.0,122.0,"OS GSEONPOIO
Sepuey A\jeqos|
‘JaQvanvaA
TMLINVONLSA VHISLYVO

aWVvIINn

Pe ees
ay

seuidwes ap jenpe}sy apepisiaaiup",15,0,0,0,0,0,0,0,0,0,0,0,0,0
aug_doc1_imagem_180.jpg,64.0,1085.0,27.0,27.0,"Opo4jsoy\

OjaW OZINT Duy

‘JQVaIvA

TMINVGNLSA VeISLYVoO

aWVvIINN

ame a
a

seuidwies ap jenpe}sy apepisiaaiup",15,0,0,0,0,0,0,0,0,0,0,0,0,0
aug_doc1_imagem_27.jpg,1475.0,403.0,58.0,58.0,"Opojojnog

DJUPWI OUIID}0D
‘JQVAIIVA
TLINVONLSA VUIFLYVO

AaANVIINN

a

as

seuiduies ap l€npeys3 apepisuanjup",13,0,0,0,0,0,0,0,0,0,0,0,0,0
aug_doc1_imagem_240.jpg,,,,,"s%
o.

UNICAMP

CARTEIRA ESTUDANTIL

VALIDADE;

Ester Guerra

Mestrado",9,1,0,1,0,0,0,0,0,0,0,0,0,0
aug_doc1_imagem_73.jpg,18.0,703.0,26.0,26.0,"OBssEONPdD
BWI jenbin any
JavVaNvA
TWINVGNLSS VEISLYVo

aWVOINN

{| a ees)

ay

seuldwies ep jenpeysy epepisieaiuy)",16,0,0,0,0,0,0,0,0,0,0,0,0,0
aug_doc1_imagem_393.jpg,64.0,1085.0,27.0,27.0,"Opo4jsoy\

DUBIA ODSIDUDI4

‘JQVaIvA

TMINVGNLSA VeISLYVoO

aWVvIINN

ame a
a

seuidwies ap jenpe}sy apepisiaaiup",14,0,0,0,0,0,0,0,0,0,0,0,0,0
aug_doc1_imagem_116.jpg,327.0,554.0,52.0,52.0,"Geese ONpoid
ZDq Op YoULCW
‘JavaIvaA
MLINVONLSA VHISLYVO

aWVIINN

a ees

ay

seuldwie9 ap jenpejsy apepissaaiuy

seat AP osae cone
vets — Fats peace eee",25,0,0,0,0,0,0,0,0,0,0,0,0,0
aug_doc1_imagem_420.jpg,64.0,1085.0,27.0,27.0,"Opo4jsoy\

S8ASN SPP 9910/9

‘JaQVaivA

TMINVGNLSA VeISLYVoO

aWVvIINN

ame a
a

seuidwies ap jenpe}sy apepisiaaiup",15,0,0,0,0,0,0,0,0,0,0,0,0,0
aug_doc1_imagem_422.jpg,958.0,249.0,114.0,114.0,"Universidade Estadual de Campinas

AWS

Gg ba

UNICAMP

CARTEIRA ESTUDANTIL
VALIDADE;
Dra. Stephany Caldeira

Mestrado",15,1,0,1,1,1,0,0,0,0,0,0,0,0
aug_doc1_imagem_369.jpg,521.0,525.0,122.0,122.0,"Opd10}N0g

SOASN SOP DJaDJOy “DS
‘JGVONVA
TWINVGNLSA VHISLYVS

aWVvIINn

Pe ees
ay

seuidwes ap jenpe}sy apepisiaaiup",16,0,0,0,0,0,0,0,0,0,0,0,0,0
aug_doc1_imagem_205.jpg,324.0,553.0,52.0,52.0,"@Ppo4jsa\\

DJOPeop) uiwolueg
avanva
TMINVGNLSSA VeISLYVoO

AWVSINN

a =e
aN

seuidwies ap jenpeysy epeprsuaaiup",14,0,0,0,0,0,0,0,0,0,0,0,0,0
aug_doc1_imagem_212.jpg,,,,,"Universidade Estadual de Campinas

AYA

Fall

UNICAMP

CARTEIRA ESTUDANTIL
VALIDADE:

Leonardo Cavalcanti

Mestrad6é",13,1,0,1,1,1,0,0,0,0,0,0,0,0
aug_doc1_imagem_480.jpg,63.0,1085.0,27.0,27.0,"Opd4jsoy\

oge boy jenbiy

‘JOVONVA

WLNVGNLSA VUISLYVO

aWVIINN

a ees

ay

seuldwes ep jenpe}sy epepisieaiuy)",15,0,0,0,0,0,0,0,0,0,0,0,0,0
aug_doc1_imagem_392.jpg,,,,,"s%
o.

UNICAMP

CARTEIRA ESTUDANTIL

VALIDADE;

Dr. Cau?? Fonseca

Gradua ?2?26",11,1,0,1,0,0,0,0,0,0,0,0,0,0
aug_doc1_imagem_181.jpg,957.0,248.0,116.0,116.0,"Universidade Estadual de Campinas

VA
Aba Sar

UNICAMP

CARTEIRA ESTUDANTIL
VALIDADE;
Mirella Moraes

Gradua?#@??o",14,1,0,1,1,1,0,0,0,0,0,0,0,0
aug_doc1_imagem_257.jpg,,,,,"AYA
Gp

UNICAMP

CARTEIRA ESTUDANTIL

VALIDADE;

Mariana Cavalcante

Mestrado",9,1,0,1,0,0,0,0,0,0,0,0,0,0
aug_doc1_imagem_35.jpg,1106.0,269.0,125.0,125.0,"UNICAMP — ia
aia...",4,0,0,1,0,0,0,0,0,0,0,0,0,0
aug_doc1_imagem_337.jpg,,,,,"Universidade Estadual de Campinas

|,
a

o.

UNICAMP

CARTEIRA ESTUDANTIL
VALIDADE:
Jo??0 Lucas’ Farias

Mestrado",15,1,0,1,1,1,0,0,0,0,0,0,0,0
aug_doc1_imagem_146.jpg,64.0,1085.0,27.0,27.0,"Opo4jsoy\

SDDIDA DyOG13¢g ‘K1q
‘JavanvaA

TMINVGNLSA VeISLYVoO

aWVvIINN

ame a
a

seuidwies ap jenpe}sy apepisiaaiup",15,0,0,0,0,0,0,0,0,0,0,0,0,0
aug_doc1_imagem_396.jpg,521.0,525.0,122.0,122.0,"OS GSEONPOIO

os9YyodY dA
‘JavanvaA
MWLINVGNLSA VHISLYVO

aWVvIINn

Pe ees
ay

seuidwes ap jenpe}sy apepisiaaiup",15,0,0,0,0,0,0,0,0,0,0,0,0,0
aug_doc1_imagem_498.jpg,933.0,264.0,147.0,147.0,"ao > rey earners ea =

Universidade Estadual de Campinas

WW
ee

UNICAMP

CARTEIRA ESTUDANTIL
VALIDADE si",17,1,1,1,1,1,0,0,0,0,0,0,0,0
aug_doc1_imagem_345.jpg,958.0,249.0,114.0,114.0,"Universidade Estadual de Campinas

AWS

Gg ba

UNICAMP

CARTEIRA ESTUDANTIL
VALIDADE;

Hellena Gon??alves

Doutorado",14,1,0,1,1,1,0,0,0,0,0,0,0,0
aug_doc1_imagem_115.jpg,64.0,1085.0,27.0,27.0,"Opd10}n0q

SepubuUia4 génsor US

‘JaQVaINvA

TMINVGNLSA VeISLYVoO

aWVvIINN

ame a
a

seuidwies ap jenpe}sy apepisiaaiup",15,0,0,0,0,0,0,0,0,0,0,0,0,0
aug_doc1_imagem_370.jpg,964.0,194.0,140.0,140.0,,0,0,0,0,0,0,0,0,0,0,0,0,0,0
aug_doc1_imagem_460.jpg,958.0,249.0,114.0,114.0,"Universidade Estadual de Campinas

AWS

Gg ba

UNICAMP

CARTEIRA ESTUDANTIL
VALIDADE:
Ana L??via Vargas

Mestrado",15,1,0,1,1,1,0,0,0,0,0,0,0,0
aug_doc1_imagem_97.jpg,521.0,525.0,122.0,122.0,"Opd10}N0g

DAISAWS DUl|OIDD
‘JavanvaA
MWLINVGNLSA VHISLYVO

aWVvIINn

Pe ees
ay

seuidwes ap jenpe}sy apepisiaaiup",14,0,0,0,0,0,0,0,0,0,0,0,0,0
aug_doc1_imagem_163.jpg,64.0,1085.0,27.0,27.0,"Opd10}n0q

O39U904 DIUdOS DUD
‘JavanvaA

TMINVGNLSA VeISLYVoO

aWVvIINN

ame a
a

seuidwies ap jenpe}sy apepisiaaiup",15,0,0,0,0,0,0,0,0,0,0,0,0,0
aug_doc1_imagem_462.jpg,63.0,949.0,27.0,27.0,"SeeeeONpo.ig
Song ougejuy
Javanva
TMINVONLSS VHISLYVO

AaWVIINN

a

ay

seuidwes ap jenpeysy epepisseaiup",13,0,0,0,0,0,0,0,0,0,0,0,0,0
aug_doc1_imagem_43.jpg,,,,,"s%
o.

UNICAMP

CARTEIRA ESTUDANTIL

VALIDADE;

Cau?? Moraes

Gradua ?2?26",10,1,0,1,0,0,0,0,0,0,0,0,0,0
aug_doc1_imagem_222.jpg,958.0,249.0,114.0,114.0,"Universidade Estadual de Campinas

AWS

Gg ba

UNICAMP

CARTEIRA ESTUDANTIL
VALIDADE;
Davi Marques

Gradua??220",14,1,0,1,1,1,0,0,0,0,0,0,0,0
aug_doc1_imagem_182.jpg,,,,,"s%
o.

UNICAMP

CARTEIRA ESTUDANTIL

VALIDADE;

Kevin Moura

Mestrado",9,1,0,1,0,0,0,0,0,0,0,0,0,0
aug_doc1_imagem_147.jpg,,,,,"s%
o.

UNICAMP

CARTEIRA ESTUDANTIL

VALIDADE;

Dr. Jos?? Jesus

Mestrado",10,1,0,1,0,0,0,0,0,0,0,0,0,0
aug_doc1_imagem_7.jpg,352.0,498.0,57.0,57.0,"y ee

JLNVONLSA VHISLYVO

thay A, awv2Inn

& j an =ts
KN

seuidwes ap jenpejsy a",16,0,0,0,0,0,0,0,0,0,0,0,0,0
aug_doc1_imagem_327.jpg,521.0,525.0,122.0,122.0,"Opd10}N0g

NUDIIDADD [Noy
‘JavanvaA
MWLINVGNLSA VHISLYVO

aWVvIINn

Pe ees
ay

seuidwes ap jenpe}sy apepisiaaiup",14,0,0,0,0,0,0,0,0,0,0,0,0,0
aug_doc1_imagem_464.jpg,526.0,495.0,97.0,97.0,"Opos}s5/\
S0N2)4 YOO;

JOVANTIVA

TWLINVGNLSS VAISLYVD

aWYvSINNO

au CE",9,0,0,0,0,0,0,0,0,0,0,0,0,0
aug_doc1_imagem_380.jpg,526.0,494.0,98.0,98.0,"Opdijso\

BIDWE29 OpubuUsey zinq
‘JGVONVA
TWINVGNLSA VHISLYVS

aWVvIINn

Pe ees
ay

seuidwes ap jenpe}sy apepisiaaiup",15,0,0,0,0,0,0,0,0,0,0,0,0,0
aug_doc1_imagem_430.jpg,325.0,554.0,51.0,51.0,"Opdi0}n0g

O1jsp9 Cpuduie,
‘AaQvVaNnvA
TMLINVONLSA VHISLYVO

aWVIINN

we aes
ay

seuidwies ap jenpe}sy apepisiaaiup",14,0,0,0,0,0,0,0,0,0,0,0,0,0
aug_doc1_imagem_333.jpg,524.0,525.0,123.0,123.0,"Seseeonpo.
BPSWiy Ogs\ OVW
Favanwa
WINVONLSS VHISLYVO

AaAWVSINN

a A

KN

seurdweg ap jenpeys3 epeprsi8aiul",15,0,0,0,0,0,0,0,0,0,0,0,0,0
aug_doc1_imagem_492.jpg,958.0,249.0,114.0,114.0,"Universidade Estadual de Campinas

AWS

Gg ba

UNICAMP

CARTEIRA ESTUDANTIL
VALIDADE;
Eduarda Marques

Doutorado",14,1,0,1,1,1,0,0,0,0,0,0,0,0
aug_doc1_imagem_363.jpg,958.0,249.0,114.0,114.0,"Universidade Estadual de Campinas

AWS

Gg ba

UNICAMP

CARTEIRA ESTUDANTIL
VALIDADE;

Caroline Borges

Mestrado",14,1,0,1,1,1,0,0,0,0,0,0,0,0
aug_doc1_imagem_376.jpg,,,,,"s%
o.

UNICAMP

CARTEIRA ESTUDANTIL

VALIDADE;
Stella da Paz

Gradua ?2?26",11,1,0,1,0,0,0,0,0,0,0,0,0,0
aug_doc1_imagem_229.jpg,958.0,249.0,114.0,114.0,"Universidade Estadual de Campinas

AWS

Gg ba

UNICAMP

CARTEIRA ESTUDANTIL
VALIDADE;

Yuri Oliveira

Mestrado",14,1,0,1,1,1,0,0,0,0,0,0,0,0
aug_doc1_imagem_137.jpg,,,,,"s%
o.

UNICAMP

CARTEIRA ESTUDANTIL

VALIDADE;

Josu?? Farias

Mestrado",9,1,0,1,0,0,0,0,0,0,0,0,0,0
aug_doc1_imagem_328.jpg,521.0,525.0,122.0,122.0,"Opd10}N0g

SOI B99N7 1ADY
‘JavanvaA
MWLINVGNLSA VHISLYVO

aWVvIINn

Pe ees
ay

seuidwes ap jenpe}sy apepisiaaiup",15,0,0,0,0,0,0,0,0,0,0,0,0,0
aug_doc1_imagem_5.jpg,958.0,249.0,114.0,114.0,"Universidade Estadual de Campinas

AWS

Gg ba

UNICAMP

CARTEIRA ESTUDANTIL
VALIDADE;

Enrico Peixoto

Mestrado",14,1,0,1,1,1,0,0,0,0,0,0,0,0
aug_doc1_imagem_284.jpg,,,,,"s%
o.

UNICAMP

CARTEIRA ESTUDANTIL

VALIDADE:
Sr. Henrique’ Santos

Mestrado",10,1,0,1,0,0,0,0,0,0,0,0,0,0
aug_doc1_imagem_12.jpg,,,,,"s%
o.

UNICAMP

CARTEIRA ESTUDANTIL

VALIDADE;
Milena Alves

Doutorado",9,1,0,1,0,0,0,0,0,0,0,0,0,0
aug_doc1_imagem_17.jpg,,,,,"Universidade Estadual de Campinas

‘Mb
a ~""

UNICAMP

CARTEIRA ESTUDANTIL
VALIDADE;
Sr. Arthur Miguel Canalo

Gradua??@?2o6",16,1,0,1,1,1,0,0,0,0,0,0,0,0
aug_doc1_imagem_198.jpg,958.0,249.0,114.0,114.0,"Universidade Estadual de Campinas

AWS

Gg ba

UNICAMP

CARTEIRA ESTUDANTIL
VALIDADE;

Sara Moreira

Doutorado",14,1,0,1,1,1,0,0,0,0,0,0,0,0
aug_doc1_imagem_452.jpg,,,,,"eS ~~""

UNICAMP

CARTEIRA ESTUDANTIL
VALIDADE;

Srta_ Ma

ria Flor Casa Grande

Grodua?a7Zo",13,1,0,1,0,0,0,0,0,0,0,0,0,0
aug_doc1_imagem_123.jpg,523.0,526.0,118.0,118.0,"OPd.}Sa/\

DPlociodyeggnoD 4q
JavanvA
TLINVONLSA VEISLYVO

aWVvIINn

wv A
ay

seuidwie9 ap jenpe}sy epepisuaaiup",14,0,0,0,0,0,0,0,0,0,0,0,0,0
aug_doc1_imagem_411.jpg,1111.0,238.0,129.0,129.0,"Universidade Estadual de Campinas

WS

A a

fae

UNICANP Ca

CARTEIRA ESTUDANTIL

VALIDAD Esai ‘i",15,1,0,0,1,1,0,0,0,0,0,0,0,0
aug_doc1_imagem_220.jpg,,,,,"s%
o.

UNICAMP

CARTEIRA ESTUDANTIL

VALIDADE;
Beatriz Sales

Doutorado",9,1,0,1,0,0,0,0,0,0,0,0,0,0
aug_doc1_imagem_144.jpg,,,,,"Universidade Estadual de Campinas

se

CDi

UNICAMP

CARTEIRA ESTUDANTIL

GCradua?®?re",10,1,0,1,1,1,0,0,0,0,0,0,0,0
aug_doc1_imagem_238.jpg,64.0,1085.0,27.0,27.0,"Opo4jsoy\

Zzn7 Op youos
‘JGVONVA

TMINVGNLSA VeISLYVoO

aWVvIINN

ame a
a

seuidwies ap jenpe}sy apepisiaaiup",15,0,0,0,0,0,0,0,0,0,0,0,0,0
aug_doc1_imagem_283.jpg,,,,,"AYA
Gp

UNICAMP

CARTEIRA ESTUDANTIL

VALIDADE;

Maria Luiza Mendon??a

Gradua ?2?26",11,1,0,1,0,0,0,0,0,0,0,0,0,0
aug_doc1_imagem_450.jpg,64.0,1085.0,27.0,27.0,"aie ONP05)
epospuy snisiui,
‘JaQVaIvaA

TMINVGNLSA VeISLYVoO

aWVvIINN

ame a
a

seuidwies ap jenpe}sy apepisiaaiup",15,0,0,0,0,0,0,0,0,0,0,0,0,0
aug_doc1_imagem_30.jpg,64.0,1085.0,27.0,27.0,"Opo4jsoy\

Ojey) CPUuDWY
‘JQVONVA

TMINVGNLSA VeISLYVoO

aWVvIINN

ame a
a

seuidwies ap jenpe}sy apepisiaaiup",14,0,0,0,0,0,0,0,0,0,0,0,0,0
aug_doc1_imagem_267.jpg,957.0,248.0,115.0,115.0,"ralieectesethetints sauna ANDRES Net Ls
SAO RSE NT

Universidade Estadual de Campinas

Wy

Fill

UNICAMP

CARTEIRA ESTUDANTIL
VALIDADE;
Luigi Vasconcelos

Mestrad@",21,1,0,1,1,1,0,0,0,0,0,0,0,0
aug_doc1_imagem_334.jpg,526.0,494.0,98.0,98.0,"Opd10}N0g

Dplewiy DSIO|a}H
‘AQVANVA
TMLINVONLSA VAEIFLYVO

aWVvIINn

Pe ees
ay

seuidwes ap jenpe}sy apepisiaaiup",14,0,0,0,0,0,0,0,0,0,0,0,0,0
aug_doc1_imagem_113.jpg,958.0,249.0,114.0,114.0,"Universidade Estadual de Campinas

AWS

Gg ba

UNICAMP

CARTEIRA ESTUDANTIL
VALIDADE:
Ana Vit??ria Peixoto

Gradua??220",15,1,0,1,1,1,0,0,0,0,0,0,0,0
aug_doc1_imagem_111.jpg,526.0,494.0,98.0,98.0,"OS GSEONPOIO

D}OW Op zinq Ang uq
‘JavanvaA
MWLINVGNLSA VHISLYVO

aWVvIINn

Pe ees
ay

seuidwes ap jenpe}sy apepisiaaiup",18,0,0,0,0,0,0,0,0,0,0,0,0,0
aug_doc1_imagem_316.jpg,324.0,552.0,53.0,53.0,"Opd.}sa\\

OgeYyoDY 029N7
‘Javanva
MLINVGNLSA VUISLYVO

awWVvIINn

wn Ale

ay

seuidwie9 ap jenpe}sy epepisiaaiup",14,0,0,0,0,0,0,0,0,0,0,0,0,0
aug_doc1_imagem_94.jpg,526.0,494.0,98.0,98.0,"Opd10}N0g

DINOW soonN7 1ADg
‘JavanvaA
MWLINVGNLSA VHISLYVO

aWVvIINn

Pe ees
ay

seuidwes ap jenpe}sy apepisiaaiup",15,0,0,0,0,0,0,0,0,0,0,0,0,0
aug_doc1_imagem_1.jpg,992.0,182.0,126.0,126.0,"Universidade Estadual de Campinas

BRYA

ar

UNICAMP

CARTEIRA ESTUDANTIL
VALIDADE:
Mateus Moura

Doutorado",13,1,0,1,1,1,0,0,0,0,0,0,0,0
aug_doc1_imagem_441.jpg,65.0,1085.0,26.0,26.0,"Oposjsoj\

DYSON djslugoD5
‘JQVAIIVA
MLINVGNLSA VHIFLYVO

aWVIINnN

Pe ees

ay

seuidwies ap jenpe}sy apepisiaaiuf)",14,0,0,0,0,0,0,0,0,0,0,0,0,0
aug_doc1_imagem_322.jpg,,,,,"s%
o.

UNICAMP

CARTEIRA ESTUDANTIL

VALIDADE;
Bernardo Casa Grande

Mestrado",10,1,0,1,0,0,0,0,0,0,0,0,0,0
aug_doc1_imagem_29.jpg,958.0,249.0,114.0,114.0,"Universidade Estadual de Campinas

AWS

Gg ba

UNICAMP

CARTEIRA ESTUDANTIL
VALIDADE;

Ant??nio Ribeiro

Mestrado",14,1,0,1,1,1,0,0,0,0,0,0,0,0
aug_doc1_imagem_424.jpg,,,,,"s%
o.

UNICAMP

CARTEIRA ESTUDANTIL

VALIDADE;

Hellena Correia

Mestrado",9,1,0,1,0,0,0,0,0,0,0,0,0,0
aug_doc1_imagem_454.jpg,526.0,494.0,98.0,98.0,"OS GSEONPOIO

BIOW EP O11Z699D
‘Javanva
TMLINVGNLSA VeISLYVo

aWVvIINn

Pe ees
ay

seuidwes ap jenpe}sy apepisiaaiup",16,0,0,0,0,0,0,0,0,0,0,0,0,0
aug_doc1_imagem_302.jpg,,,,,"AYA
Gp

UNICAMP

CARTEIRA ESTUDANTIL

VALIDADE:
Dr. Arthur Gabriel Nogueira

Mestrado",11,1,0,1,0,0,0,0,0,0,0,0,0,0
aug_doc1_imagem_24.jpg,,,,,"s%
o.

UNICAMP

CARTEIRA ESTUDANTIL

VALIDADE;
Maria Alice Guerra

Gradua ?2?26",11,1,0,1,0,0,0,0,0,0,0,0,0,0
aug_doc1_imagem_143.jpg,,,,,"s%
o.

UNICAMP

CARTEIRA ESTUDANTIL

VALIDADE;
Luigi Cassiano

Mestrado",9,1,0,1,0,0,0,0,0,0,0,0,0,0
aug_doc1_imagem_2.jpg,,,,,"ves ee Mahi RR egBeE

se iailereetttis ities dani

Universidade Estadual de Campinas

RA

Fell

UNICAMP

CARTEIRA ESTUDANTIL
VALIDADE:
Melissa Novaes

Gradua????o",22,1,0,1,1,1,0,0,0,0,0,0,0,0
aug_doc1_imagem_235.jpg,521.0,525.0,122.0,122.0,"Opd10}N0g

$0}1014 19}S9
‘JavanvaA
MWLINVGNLSA VHISLYVO

aWVvIINn

Pe ees
ay

seuidwes ap jenpe}sy apepisiaaiup",14,0,0,0,0,0,0,0,0,0,0,0,0,0
aug_doc1_imagem_242.jpg,958.0,249.0,114.0,114.0,"Universidade Estadual de Campinas

AWS

Gg ba

UNICAMP

CARTEIRA ESTUDANTIL
VALIDADE;
Matteo Gomes

Mestrado",14,1,0,1,1,1,0,0,0,0,0,0,0,0
aug_doc1_imagem_253.jpg,,,,,"OPojSeoy\
HULXIBALDH OU2eIg
avanva
TMINVONLSS VeISLYVO

aWVSOINN

wn AOA

ay

seurdwieg ep jenpeysg epeprsieajup",14,0,0,0,0,0,0,0,0,0,0,0,0,0
aug_doc1_imagem_65.jpg,,,,,"@p_.10)N0q

TMLINVONLSA VHIaLYVO

aWVOINN

Pe AOA

ay

seurdwieg ep jenpeys9 epepsueqjuy

een ee  —eiieaz=nn oe

SARTRE eRe STR OH Ly",20,0,0,0,0,0,0,0,0,0,0,0,0,0
aug_doc1_imagem_278.jpg,1230.0,224.0,142.0,142.0,"Universidade Estadual de Campinas

s te,
Nn

UNICAMP

CARTEIRA ESTUDANTIL
VALIDADE: — '",13,1,0,1,1,1,0,0,0,0,0,0,0,0
aug_doc1_imagem_488.jpg,64.0,1085.0,27.0,27.0,"Opo4jsoy\

SOGWBD OpionpyZ soji09g us
‘JQVONVA

TMINVGNLSA VeISLYVoO

aWVvIINN

as ees
ay

seuidwies ap jenpe}sy apepisiaaiup",16,0,0,0,0,0,0,0,0,0,0,0,0,0
aug_doc1_imagem_375.jpg,521.0,525.0,122.0,122.0,"Opdijso\

Zee Dpsoupsd o4407
‘JQVONVA
TWINVGNLSA VHISLYVS

aWVvIINn

Pe ees
ay

seuidwes ap jenpe}sy apepisiaaiup",15,0,0,0,0,0,0,0,0,0,0,0,0,0
aug_doc1_imagem_249.jpg,,,,,"s%
o.

UNICAMP

CARTEIRA ESTUDANTIL

VALIDADE;

La??s Cassiano

Doutorado",9,1,0,1,0,0,0,0,0,0,0,0,0,0
aug_doc1_imagem_289.jpg,1102.0,219.0,141.0,141.0,"Universidade Estadual de Campinas

S%

Sal”

Qo
UNICAMP
a

CART yy DANTIL
VALI DADE’ —",15,0,0,1,1,1,0,0,0,0,0,0,0,0
aug_doc1_imagem_87.jpg,,,,,"s%
o.

UNICAMP

CARTEIRA ESTUDANTIL

VALIDADE;
Leandro Pastor

Doutorado",9,1,0,1,0,0,0,0,0,0,0,0,0,0
aug_doc1_imagem_185.jpg,,,,,"Universidade Estadual de Campinas

AYA

Fill

UNICAMP

CARTEIRA ESTUDANTIL
VALIDADE;
Sr. Liam Cavalcante

Gradua???20",14,1,0,1,1,1,0,0,0,0,0,0,0,0
aug_doc1_imagem_438.jpg,526.0,494.0,98.0,98.0,"Opdijso\

OPO 01144909
‘JavaNnva
TMLINVGNLSA VeISLYVo

aWVvIINn

Pe ees
ay

seuidwes ap jenpe}sy apepisiaaiup",14,0,0,0,0,0,0,0,0,0,0,0,0,0
aug_doc1_imagem_305.jpg,64.0,1085.0,27.0,27.0,"Opd10}n0q

O}OXI9d |elUgDD
‘JavanvaA

TMINVGNLSA VeISLYVoO

aWVvIINN

ame a
a

seuidwies ap jenpe}sy apepisiaaiup",14,0,0,0,0,0,0,0,0,0,0,0,0,0
aug_doc1_imagem_191.jpg,521.0,525.0,122.0,122.0,"Opd10}N0g

sepusy) uDAY
‘JGVONVA
MWLINVGNLSA VHISLYVO

aWVvIINn

Pe ees
ay

seuidwes ap jenpe}sy apepisiaaiup",14,0,0,0,0,0,0,0,0,0,0,0,0,0
aug_doc1_imagem_112.jpg,64.0,1085.0,27.0,27.0,"Ogeee ONP01S
OUJDAIDD eapudxaly 4g
‘JavanvaA

TMINVGNLSA VeISLYVoO

aWVvIINN

ame a
a

seuidwies ap jenpe}sy apepisiaaiup",16,0,0,0,0,0,0,0,0,0,0,0,0,0
aug_doc1_imagem_494.jpg,,,,,"s%
o.

UNICAMP

CARTEIRA ESTUDANTIL

VALIDADE;
Matteo Ribeiro

Doutorado",9,1,0,1,0,0,0,0,0,0,0,0,0,0
aug_doc1_imagem_138.jpg,64.0,1085.0,27.0,27.0,"Opo4jsoy\

DIO OP d10G126g
‘AQVANVA

TMINVGNLSA VeISLYVoO

aWVvIINN

ame a
a

seuidwies ap jenpe}sy apepisiaaiup",15,0,0,0,0,0,0,0,0,0,0,0,0,0
aug_doc1_imagem_149.jpg,1046.0,255.0,140.0,140.0,"Universidade Estadual de catego

N%

UNICAMP

Ss, FS
a=""
Gs:

C at ae “iy DANTIL
VALI DADE: —",18,0,0,1,1,1,0,0,0,0,0,0,0,0
aug_doc1_imagem_261.jpg,,,,,"s%
o.

UNICAMP

CARTEIRA ESTUDANTIL

VALIDADE;

Larissa Porto

Mestrado",9,1,0,1,0,0,0,0,0,0,0,0,0,0
aug_doc1_imagem_372.jpg,310.0,605.0,63.0,63.0,"he valaluvo

-} daWv3INn EIA
ne
ay

seuidweg ep jenpeysy apepissaAluf)

ie a

veer tt ma Ot oa . £ Sie

“ _ = a —-~- : ss
fini z ee wr,",32,0,0,0,0,0,0,0,0,0,0,0,0,0
aug_doc1_imagem_86.jpg,521.0,525.0,122.0,122.0,"Opd10}N0g

DYIaNbis u_d|
‘JavanvaA
TMLINVONLSA VHISLYVO

aWVvIINn

Pe ees
ay

seuidwes ap jenpe}sy apepisiaaiup",14,0,0,0,0,0,0,0,0,0,0,0,0,0
aug_doc1_imagem_241.jpg,,,,,"s%
o.

UNICAMP

CARTEIRA ESTUDANTIL

VALIDADE;
Miguel Montenegro

Mestrado",9,1,0,1,0,0,0,0,0,0,0,0,0,0
aug_doc1_imagem_195.jpg,958.0,249.0,114.0,114.0,"Universidade Estadual de Campinas

AYA
Ad Sar

UNICAMP

CARTEIRA ESTUDANTIL
VALIDADE;
Sr. Vitor Gabriel Albuquerque

Doutorado",16,1,0,1,1,1,0,0,0,0,0,0,0,0
aug_doc1_imagem_45.jpg,64.0,1085.0,27.0,27.0,"OBese0NPO9
sdlg 0109

‘JaQVaIvA

TMINVGNLSA VeISLYVoO

aWVvIINN

ame a
a

seuidwies ap jenpe}sy apepisiaaiup",14,0,0,0,0,0,0,0,0,0,0,0,0,0
aug_doc1_imagem_453.jpg,523.0,526.0,123.0,123.0,"Oposojynog
DUCND, eo!(y OLOW
JOVANVA
WLINVONLSA VAISLYVO

AaAWYVSINN

wu, 5

KN

seuidwueg ep jenpessz epeprisseniur)

i, Mie Oise ial, a Aa Fife Baap
Ee ee eee",26,0,0,0,0,0,0,0,0,0,0,0,0,0
aug_doc1_imagem_10.jpg,64.0,1085.0,27.0,27.0,"OBese0NPO9
DID OP Opyonpy sojsi05
‘JQVaivA

TMINVGNLSA VeISLYVoO

aWVvIINN

ame a
a

seuidwies ap jenpe}sy apepisiaaiup",16,0,0,0,0,0,0,0,0,0,0,0,0,0
aug_doc1_imagem_69.jpg,521.0,525.0,122.0,122.0,"Opdijso\

Senbspyw ou0queég
‘JavanvaA
TMLINVONLSA VHISLYVO

aWVvIINn

Pe ees
ay

seuidwes ap jenpe}sy apepisiaaiup",14,0,0,0,0,0,0,0,0,0,0,0,0,0
aug_doc1_imagem_196.jpg,958.0,249.0,114.0,114.0,"MY
oe.

UNICAMP

CARTEIRA ESTUDANTIL

VALIDADE;

Fernando Silveira

Gradua??220",9,1,0,1,0,0,0,0,0,0,0,0,0,0
aug_doc1_imagem_89.jpg,66.0,1086.0,26.0,26.0,"@pD10}nN0q

Osiegiy UuDADIg
JQVANVA
TLINVONLSA VaISLYVO

awWVvIInn

Pe PS
ay

seuidwies ap jenpe}sy apepisiaaiufZ",14,0,0,0,0,0,0,0,0,0,0,0,0,0
aug_doc1_imagem_279.jpg,,,,,"s%
o.

UNICAMP

CARTEIRA ESTUDANTIL

VALIDADE

Juan Le??o

Gradua ?2?26",10,1,1,1,0,0,0,0,0,0,0,0,0,0
aug_doc1_imagem_354.jpg,66.0,1086.0,25.0,25.0,"19BD10}N0G

Sowio9g Zinq 1A0g
“JGVaNVA
TLINVGNLSA VEISLYVO

AaAWVSINN

seuidwie9 ap jenpeys3 epepisiealup

SS",13,0,0,0,0,0,0,0,0,0,0,0,0,0
aug_doc1_imagem_329.jpg,,,,,"OpPd10}N0q

Sewo9g Auoydeays
FavanvA
TMINVONLSA VYISLYVvo

AaWVOINN

a =e:
ay

seuldwes ep jenpeysy epepisieaiup

SAWP ebatoiGeeny =""
scaneaaanetne naa Dat it STR Renin ca nets",25,0,0,0,0,0,0,0,0,0,0,0,0,0
aug_doc1_imagem_64.jpg,,,,,"s%
o.

UNICAMP

CARTEIRA ESTUDANTIL

VALIDADE;

Sr. Joaquim Moreira

Gradua ?2?26",11,1,0,1,0,0,0,0,0,0,0,0,0,0
aug_doc1_imagem_468.jpg,64.0,1085.0,27.0,27.0,"Opo4jsoy\

DAdeND ELON

‘JQVaivA

TMINVGNLSA VeISLYVoO

aWVvIINN

ame a
a

seuidwies ap jenpe}sy apepisiaaiup",14,0,0,0,0,0,0,0,0,0,0,0,0,0
